order	script_id	script_name	file	source_sha256	source_bytes
0	77343326	▼ 00 VX CORE｜Modules	exported_scripts/000__id77343326__▼_00_VX_CORE｜Modules.rb	e3b0c44298fc1c149afbf4c8996fb92427ae41e4649b934ca495991b7852b855	0
1	97506006	Vocab	exported_scripts/001__id97506006__Vocab.rb	0c6a12c8b0e1a7edfa601022dc711be6f0620c5885b9482834d754ab638e5520	7595
2	50901920	Sound	exported_scripts/002__id50901920__Sound.rb	7eb4001c1e5a12c76f96c9d3d5fc62a4330235810e546923cbc8fe7836551fd3	4213
3	57856563	Cache	exported_scripts/003__id57856563__Cache.rb	e8bebfcd9ffc5bd53510d4879e1a4374bdc700d8b11fee9848a2965d9beeb645	6251
4	30520299	▼ 01 VX CORE｜Game Objects	exported_scripts/004__id30520299__▼_01_VX_CORE｜Game_Objects.rb	e3b0c44298fc1c149afbf4c8996fb92427ae41e4649b934ca495991b7852b855	0
5	75819864	Game_Temp	exported_scripts/005__id75819864__Game_Temp.rb	5eae5a09007c32e82eb819969cbcfc68ad5208ff50c662b7e3521266961ddc40	4584
6	61166382	Game_System	exported_scripts/006__id61166382__Game_System.rb	2b63228dc98d1a98ecf225c70833822347b6591d84d962864597dd23e76542af	5326
7	89206701	Game_Message	exported_scripts/007__id89206701__Game_Message.rb	8f2793152b50daec9777c5ae58db4159a3525b86f9f6a414c909106ad4a541d4	5045
8	65768432	Game_Switches	exported_scripts/008__id65768432__Game_Switches.rb	a22a67865f5fe7ac9a7ede5d8d7c6245cfe4626718d4632c57e6f3fcc16e3c0c	3404
9	77770996	Game_Variables	exported_scripts/009__id77770996__Game_Variables.rb	47d81033599c7e99200cc64ba6cb6def6357caa232450537e5a179ca26c957ac	3421
10	93212223	Game_SelfSwitches	exported_scripts/010__id93212223__Game_SelfSwitches.rb	9e74a07a918e0675aa9444d420f1319abde9cd0db4803621a07d91cc98ff30c7	3341
11	52755737	Game_Screen	exported_scripts/011__id52755737__Game_Screen.rb	daea8e09e4e2d6ad1eef51be69f3af111e55d3c3dcaf577b1d2a1b9250b2c926	10083
12	79550171	Game_Picture	exported_scripts/012__id79550171__Game_Picture.rb	6d0c588ee465b0f5030fe666cc3cc095fb5fb3980a977f05e626196341ad73a4	7821
13	52884295	Game_Battler	exported_scripts/013__id52884295__Game_Battler.rb	84ed3bb107e1fd9740086674944a124df991e80d2c8da83a745aaa06c70848c5	46462
14	65931833	Game_BattleAction	exported_scripts/014__id65931833__Game_BattleAction.rb	1e6ddce2c61555ac63c93ff05fc07f079f6e1a0db16a73de8a9cac3ce1d45c74	16050
15	93706232	Game_Actor	exported_scripts/015__id93706232__Game_Actor.rb	8010ce1d9d4786faa97f8ad6c5e2fa81a4d4399fd59d50fa5c0c506b44018906	29655
16	19485474	Game_Enemy	exported_scripts/016__id19485474__Game_Enemy.rb	e792d3f971199c567ef7bdc3015916d5125c497b5cad0dff0929e771478336c6	12846
17	37972201	Game_Actors	exported_scripts/017__id37972201__Game_Actors.rb	fc6510d4e44d53558f9d60ffb89b0e5f4aa4b8d3d09059ef90046e3320209fbe	3027
18	13350569	Game_Unit	exported_scripts/018__id13350569__Game_Unit.rb	ea178504a8ab16c04e4376d7ff1edc3ea8c30519f20eb5d20b03ada3196323dd	6369
19	20162964	Game_Party	exported_scripts/019__id20162964__Game_Party.rb	855722ca70db515faf29dfb0735f44c7dbbe713e8b19acf58a95c730738a7c45	13385
20	15983133	***271中毒	exported_scripts/020__id15983133_____271中毒.rb	6bdf9eb26217951468fe830ba79af401aa0890e6fe3ea60be3e4a3ca2843bf11	14
21	96014404	Game_Troop	exported_scripts/021__id96014404__Game_Troop.rb	21b83769be2eab5242177502f645fc20813c24f4db79be74bdbde174a8dd3adf	11684
22	45114136	Game_Map	exported_scripts/022__id45114136__Game_Map.rb	f492a0b1e13fdb1c8227621bb6bf7d9d614462202df37bad31a4e78971cb930c	22813
23	37136841	Game_CommonEvent	exported_scripts/023__id37136841__Game_CommonEvent.rb	3c9514801c7022d2329f6e62c9f2ba5cc373c174de687e1b2e001d665a7444f1	4818
24	85238647	Game_Character	exported_scripts/024__id85238647__Game_Character.rb	22e3556e0e02e338ff43e145e5725e38f80897d083836b12ae165f8446cc876c	36302
25	75787353	Game_Event	exported_scripts/025__id75787353__Game_Event.rb	84581cb40b97704145663205ac0e420289d9387bd5936cc6059044392e84f0e8	9301
26	78045511	Game_Vehicle	exported_scripts/026__id78045511__Game_Vehicle.rb	ea6a553dbef9f035ea861313c7b115519e452134698758bb1d94591aa992f8e9	8506
27	47174434	Game_Player	exported_scripts/027__id47174434__Game_Player.rb	dc056906e95bb9da77e8744057e16efcdf057f7cd6071ab0749178cec5140acf	25126
28	89128017	Game_Interpreter	exported_scripts/028__id89128017__Game_Interpreter.rb	8b15d220f58be037479db35bb860ea0b419baafac87b5a30c81e84c966ae7c1d	63695
29	38296836	▼ 02 VX CORE｜Sprites	exported_scripts/029__id38296836__▼_02_VX_CORE｜Sprites.rb	e3b0c44298fc1c149afbf4c8996fb92427ae41e4649b934ca495991b7852b855	0
30	49788108	Sprite_Base	exported_scripts/030__id49788108__Sprite_Base.rb	9e1b6771484656bef38aa7828f0be43960f86ba47e16693af367ae1d0f20eb69	11122
31	76586914	Sprite_Character	exported_scripts/031__id76586914__Sprite_Character.rb	ebeb96e5c52bb886871035d0f1a167deaa86efd02b8b17f5a93d51170f77ca34	8262
32	35537720	Sprite_Battler	exported_scripts/032__id35537720__Sprite_Battler.rb	bb038756b5e74def121a07be07eaa330545f00ef8f4785dc266ff6a9658e9d2b	8700
33	18621826	Sprite_Picture	exported_scripts/033__id18621826__Sprite_Picture.rb	51c8d2bca7c8c7a4f34858811016c456e575860b22b8930612791fca2aa0f7d2	4141
34	85012817	Sprite_Timer	exported_scripts/034__id85012817__Sprite_Timer.rb	9065786d5a049f442815c71a7e8acf5c279571db58f8a417e09dd66be0a7cbec	3776
35	43720641	Spriteset_Weather	exported_scripts/035__id43720641__Spriteset_Weather.rb	36cc6d7f13116ce2b2b94d9041a6968442e913ee5c61df853f64c88b30f98e39	6743
36	2353947	Spriteset_Map	exported_scripts/036__id2353947__Spriteset_Map.rb	6b1d03e7679ff4a606d4e54601a88a2168c166bf85431950c24e561db3013a36	12662
37	92516995	Spriteset_Battle	exported_scripts/037__id92516995__Spriteset_Battle.rb	4049fa3894f62194bc33e8295761ea4119b31420c6b9176e7f3ed326f9d1fec1	12057
38	52618418	▼ 03 VX CORE｜Windows	exported_scripts/038__id52618418__▼_03_VX_CORE｜Windows.rb	e3b0c44298fc1c149afbf4c8996fb92427ae41e4649b934ca495991b7852b855	0
39	30856323	Window_Base	exported_scripts/039__id30856323__Window_Base.rb	066fadf8773b172c6bb0937baa881ebe1d4e14579687076d76cebddd3ae442ed	20435
40	61843872	Window_Selectable	exported_scripts/040__id61843872__Window_Selectable.rb	33e327755bfedfb0179c81392921c4a20caf6e22ca6f8756ba09b7afd2090827	12769
41	83996582	Window_Command	exported_scripts/041__id83996582__Window_Command.rb	1dd73f186c52cff7a324433fee8099f57ccfb5985c0ba9de134905947106d86a	4383
42	77997554	Window_Help	exported_scripts/042__id77997554__Window_Help.rb	03854c5dc22b277ba7b66fe7b62ba8327a4471f57800d65697b16dccb2e743ac	3550
43	8586665	Window_Helpxxx	exported_scripts/043__id8586665__Window_Helpxxx.rb	8c093ec5cc55e227361097b188c93c7014dd7e326e066579fdd6d7c6c883d73f	3252
44	50463052	Window_ShowD	exported_scripts/044__id50463052__Window_ShowD.rb	e8ed4d87e6d93433177ed4a862d4f466077e27716a5fac557047a5a0e7dbefa7	5589
45	10819427	Show Enemy States	exported_scripts/045__id10819427__Show_Enemy_States.rb	e22f746db7a2388de9f20ebede352b296902610216d94d7b4bd41b2f6ca7a2b0	4348
46	97998046	Window_Gold	exported_scripts/046__id97998046__Window_Gold.rb	537f23aa898168d32c86e9430e20807ffb0ff14763b54e2169e2640f17771d36	2983
47	19290161	Window_MenuStatus	exported_scripts/047__id19290161__Window_MenuStatus.rb	dcaee2e3eb516fcbd3f502848c6635ec1d83a8dce4c5fe81d27d77fecbe47017	4161
48	82366943	Window_Item	exported_scripts/048__id82366943__Window_Item.rb	239e79eff73e6dd038d1de684c67e1454edb5916a13f2a44fe9b293f1430f68c	5236
49	97657	Window_Skill	exported_scripts/049__id97657__Window_Skill.rb	4141a3521d2fd95f6f01c515ab9bfd6dec88b2c1e4cffb495e077f377628b52c	5009
50	12421746	Window_Skill2	exported_scripts/050__id12421746__Window_Skill2.rb	e2fdce14e023d3b6f873d98fb54a6908a838f6ff85cba4f10d6a57a16d227d0f	5014
51	29249911	module SkillEx	exported_scripts/051__id29249911__module_SkillEx.rb	72cf49118594ac1fc60b5c83274d49ddfa4f7b410717ab31de753024446c3214	2369
52	94082401	Window_SkillInfo戰鬥用	exported_scripts/052__id94082401__Window_SkillInfo戰鬥用.rb	5613081ce38e94bb5282b8438b197f027a2577d6470f8c3d6ae356190709dee6	7062
53	3201822	Window_SkillInfo2	exported_scripts/053__id3201822__Window_SkillInfo2.rb	5b0de97bbc825090dca054eafcbc5824d19e4b954629b5ee05f8a38cefcc9b11	7750
54	97927834	Window_SkillStatus	exported_scripts/054__id97927834__Window_SkillStatus.rb	2e8bb53ad54e5618628764ee9644b95a6fb4f6f321f1aa2a2fa6dadfd4f03a59	3202
55	37017876	Window_Equip	exported_scripts/055__id37017876__Window_Equip.rb	2ab0028eb960e49cc8020a97c1ba9a3c66d2bd0831d055aa5a4ddb2f9e1ac305	4462
56	10388623	Window_EquipItem	exported_scripts/056__id10388623__Window_EquipItem.rb	1f7792e3993bd882bad3135f6537493d6fad971c9a63c4af679e98ec33370396	3870
57	73541260	Window_EquipStatus	exported_scripts/057__id73541260__Window_EquipStatus.rb	7f019aa1ee64cb06a3f48accea64ccff479a6dbed456fed281111d4861dcc088	5820
58	42657471	Window_Status	exported_scripts/058__id42657471__Window_Status.rb	ae20133754db05d01e62f0aacc74849656339dc9865baca9b01e07f2aa8de040	5442
59	81494140	Window_SaveFile	exported_scripts/059__id81494140__Window_SaveFile.rb	773dcd7d1282abc89eeaaa193addd2da4733cdff40e4533689d2272963bd030e	6759
60	52413940	Window_ShopSell	exported_scripts/060__id52413940__Window_ShopSell.rb	bdd5e45268d9d1b005d309e293a675f05d5e66c7781d3fe99bab5c977a42b184	3398
61	50042725	Window_ShopNumber	exported_scripts/061__id50042725__Window_ShopNumber.rb	1f001e1e11c04f9edcb37122cb322cf1ac0c696d35f2ddf3c2ca53fbc59563be	4711
62	42938232	Window_ShopStatus	exported_scripts/062__id42938232__Window_ShopStatus.rb	d3e0dcf750ad2985a75c3c409863e9a5c46ae67b8bcc53b4e9371a5a87363fe9	8360
63	77163696	Window_NameEdit	exported_scripts/063__id77163696__Window_NameEdit.rb	545a5f02a49a39ba17c78b9aac300752f1d3e4e3bf46a5db84a20fb982f6208c	5978
64	74963379	Window_NameInput	exported_scripts/064__id74963379__Window_NameInput.rb	f8d50fac1e2354d59e7a37702ac2eef6f5326210235ec7fa508abe5cfa93fc82	8626
65	12512207	Window_NumberInput	exported_scripts/065__id12512207__Window_NumberInput.rb	4ebc9d83ae1614ebde89cb01fdc5b1086f13a92d71251f7247f5d8d93d39354f	6306
66	47988139	Window_Message	exported_scripts/066__id47988139__Window_Message.rb	0cd0b1a0f6f576a5cc1f84ced88f39ee6a6aad78684b6fb3f679636feccf308e	18302
67	83594603	Window_BattleMessage	exported_scripts/067__id83594603__Window_BattleMessage.rb	090bff989b6603a52ed9bf50e55739c9e6553d08164a42afccf834dc7d7e06f6	6684
68	63909912	Window_PartyCommand	exported_scripts/068__id63909912__Window_PartyCommand.rb	f0e698dfa1d0c56c2931b69dabe9171a151b71dacd51e8f078cac1416ea13b1d	2830
69	42946512	Window_ActorCommand	exported_scripts/069__id42946512__Window_ActorCommand.rb	7902171bde5af762bf93f03b9532202a196b20683d86956a5a7ce2e863b9de77	3457
70	72766194	Window_TargetEnemy	exported_scripts/070__id72766194__Window_TargetEnemy.rb	1255b3548baa16308b53cf0dd0a15c0cc2af8ac7d853d9efd356a7860bec0bdb	3144
71	78381347	Window_BattleStatus	exported_scripts/071__id78381347__Window_BattleStatus.rb	a744bed2e6f857feba1e51f6369004ffa5dc0dd39b8291b726314b0711b4fe8a	3879
72	70270804	Window_DebugLeft	exported_scripts/072__id70270804__Window_DebugLeft.rb	6d8cd146d462641abfd6ac01255452800755e13ebdbd31defcc0489e30e5d6da	4489
73	74315432	Window_DebugRight	exported_scripts/073__id74315432__Window_DebugRight.rb	ca2cdf57aa7fb3b174b9800d26fffd0f6318f980550a3e998b0f93ff19227934	5145
74	70955878	▼ 04 VX CORE｜Scenes	exported_scripts/074__id70955878__▼_04_VX_CORE｜Scenes.rb	e3b0c44298fc1c149afbf4c8996fb92427ae41e4649b934ca495991b7852b855	0
75	87906638	Scene_Base	exported_scripts/075__id87906638__Scene_Base.rb	bf143fefc749a6d13d230a8ab3b9421fe8f6b6f145f84bb3bfc9bc64ba41f646	5949
76	48831177	Scene_Title	exported_scripts/076__id48831177__Scene_Title.rb	38458ef480464fc0090ff8e2649821afbb124b515ba6cc7a99960a137ba10a66	12981
77	29223633	Scene_Map	exported_scripts/077__id29223633__Scene_Map.rb	ed155f5b7ee53c3db3bcbbacd4df596596e733dca0d70b7230d1ea0819aced12	12870
78	70568977	Scene_Menu｜VX Base + FS Visual Hooks	exported_scripts/078__id70568977__Scene_Menu｜VX_Base_+_FS_Visual_Hooks.rb	cd0a00a7b135814243bda750e0331547137740a6d3cdb14201a32050034b98f9	9603
79	21041870	Scene_Item	exported_scripts/079__id21041870__Scene_Item.rb	b5f99bd8419dee19b6d39d4649f37b2cf4cbe131866c40999626719d09565564	8475
80	97256469	Scene_Skill	exported_scripts/080__id97256469__Scene_Skill.rb	507b4624651be30b9808c04d6be65073e58a25da3486c9ab4a23c2f7ee48e913	9992
81	82235717	Scene_Equip	exported_scripts/081__id82235717__Scene_Equip.rb	9ce315fef45f9f411f81b8ffee9395e3029de41523e69d194df0f47e7a8fd6fb	9113
82	95739746	Scene_Status	exported_scripts/082__id95739746__Scene_Status.rb	ff011d26114f7541c8d687e76b561faee525ceabeac018640a99e52d79f60905	4779
83	71942138	Scene_File	exported_scripts/083__id71942138__Scene_File.rb	6109fdba41a4adb0b6aaceb7e76cf69e9343808c3d364ed9ae15bf68c03059a4	11443
84	79702758	Scene_End	exported_scripts/084__id79702758__Scene_End.rb	111d88aa309f717b946397b65bbe9bb701879df0d6986e3311eb8cff7dcd1ba6	7098
85	18257350	商店用	exported_scripts/085__id18257350__商店用.rb	d696d22d47b6c97939fe83032cd9030a48dd301d0c7d7e7e36890d4c597e44e8	2228
86	45690918	Scene_Name	exported_scripts/086__id45690918__Scene_Name.rb	75a77a30950ffc9a350099b159fb3b002b5ea6bb25557492364c9feb0ab384b8	4696
87	44960761	Scene_Debug	exported_scripts/087__id44960761__Scene_Debug.rb	03330addde0319eac13f74535e4062ed310ed297b4049b23aadeb7a841f341f4	6608
88	24767163	Scene_Battle	exported_scripts/088__id24767163__Scene_Battle.rb	7287e27e3e4e0355d69af830f1b1d23a21d246c21341c40f83133f91c27a8e52	47678
89	19266	Scene_Gameover	exported_scripts/089__id19266__Scene_Gameover.rb	04427b96b25e4dc6bb3b8928483f562ff4781e9756ac74987e0af7d6dda5238a	4190
90	25091363	[VX] 窗口滑动	exported_scripts/090__id25091363__[VX]_窗口滑动.rb	9a8860cda83bc3c31ab8b4d9a11e91eb0e9abc386408f01562da17846e72ed47	6246
91	4337454	图片窗口背景	exported_scripts/091__id4337454__图片窗口背景.rb	b7abc36bc569cafa250e9650f785b76c3de1706d71eb15f51375add7a8f14d9e	7249
92	8816234	SparkleMenu	exported_scripts/092__id8816234__SparkleMenu.rb	1971ac77d18e51d5c1b6a4d075e6b8e726c441fd4d830d8f8f64ee74a413f873	7201
93	16229073	Bitmap Addons｜Core + Extension Authority	exported_scripts/093__id16229073__Bitmap_Addons｜Core_+_Extension_Authority.rb	76fbabe571d2e18f89526da2d6928ddadb6e60e398f5227eab0445c6ac16a137	12613
94	76245582	▼ 10 SETUP ENGINE｜AutoSetup / Adapters	exported_scripts/094__id76245582__▼_10_SETUP_ENGINE｜AutoSetup___Adapters.rb	e3b0c44298fc1c149afbf4c8996fb92427ae41e4649b934ca495991b7852b855	0
95	51598340	FS_Runtime_LoadOrder_Guide v3.1	exported_scripts/095__id51598340__FS_Runtime_LoadOrder_Guide_v3.1.rb	0a738c92218cdd9e2768fa6af67f0594005c417b9b7a1a824205f213f2b8341e	26506
96	55657820	FS_DB_AutoSetup_Engine v1.5.0	exported_scripts/096__id55657820__FS_DB_AutoSetup_Engine_v1.5.0.rb	3a931a62234067199d489222a86238c65a630f7f040541c4896bb74a10e5e432	19161
97	95687920	AutoSetup_01 Skills｜Engine Adapter	exported_scripts/097__id95687920__AutoSetup_01_Skills｜Engine_Adapter.rb	2921318c28b19a8fd693a26fbf88c6eb45185192b6b280598848c7ef0dd670bd	6971
98	26812933	AutoSetup_02 States｜Engine Adapter	exported_scripts/098__id26812933__AutoSetup_02_States｜Engine_Adapter.rb	39f3271e0f66a4c7b3713f36bee1342caf273ff0df9929a1f38f7bb525df3cff	3793
99	69147816	AutoSetup_03 Items｜Engine Adapter	exported_scripts/099__id69147816__AutoSetup_03_Items｜Engine_Adapter.rb	e7f66b1da2d0f02a38e3f88c81e6242b69c9c1617e5922b7b6224256b4f686f4	3787
100	81963593	AutoSetup_04 Weapons｜Engine Adapter	exported_scripts/100__id81963593__AutoSetup_04_Weapons｜Engine_Adapter.rb	06a8174a4789ff2d4fe66b86c2e7143aa1be5e10523001983dae24addaab848e	4424
101	60934594	AutoSetup_05 Armors｜Engine Adapter	exported_scripts/101__id60934594__AutoSetup_05_Armors｜Engine_Adapter.rb	76421cfbbd102fb851e67aab686b5dded5aa13ccdd2986d4e7c50c8dee97713d	4692
102	98021464	AutoSetup_06 Classes｜Engine Adapter	exported_scripts/102__id98021464__AutoSetup_06_Classes｜Engine_Adapter.rb	4f88202c041ffe74a2aaa9adf24a1cbdab6f4bf53075a6dc4249008661458123	5803
103	25097799	AutoSetup_07 Audit｜Setup Validation	exported_scripts/103__id25097799__AutoSetup_07_Audit｜Setup_Validation.rb	0d0f5f1b3e383182b364f13a5f8a147071331be2ed45f32da141cd0b2060fa92	13783
104	83430046	AutoSetup_08 Enemies｜Engine Adapter	exported_scripts/104__id83430046__AutoSetup_08_Enemies｜Engine_Adapter.rb	ec94a92c18ce0be9f63464a512a968ee3b3a0e5f9029c8ad2db05728ff5c0523	8582
105	64127973	AutoSetup_90 UserExtensions｜User Hook	exported_scripts/105__id64127973__AutoSetup_90_UserExtensions｜User_Hook.rb	7215fb9fc7471bc1879a043b06929a90e0cc65118083fa9bc4d282d1f02d4554	3002
106	76370488	▼ 11 FOUNDATION｜Shared Libraries	exported_scripts/106__id76370488__▼_11_FOUNDATION｜Shared_Libraries.rb	e3b0c44298fc1c149afbf4c8996fb92427ae41e4649b934ca495991b7852b855	0
107	12650897	公共事件執行器	exported_scripts/107__id12650897__公共事件執行器.rb	e4f8deb71ca4c575eb90817310bec1a91335c459ddc0eeddb59d5927785305eb	3541
108	83680659	module OPACITY	exported_scripts/108__id83680659__module_OPACITY.rb	093a1e33bb66ebd3e4c24e05d8f4b6fd5a61b7c6027a151328b9fcc6b0151af3	2177
109	19852669	KGC_改變血條	exported_scripts/109__id19852669__KGC_改變血條.rb	bddee1792a76d7ccf7da6360e34a37ad263fa2664b1814073d43b4a693560cdf	13297
110	70076013	KGC_Dash_8DirMove	exported_scripts/110__id70076013__KGC_Dash_8DirMove.rb	464f473a6155672658cd2e2f2dbb05448f858ef1c3048fa91a5c5f73f7c9354d	16255
111	19479695	萤火虫模拟	exported_scripts/111__id19479695__萤火虫模拟.rb	786c25e1360e7a6dae3cdeed08c78a75b434e7adb8331c8bfe2c37bf135857e7	15820
112	41797757	KGC_DrawFormatText	exported_scripts/112__id41797757__KGC_DrawFormatText.rb	cac0516ce11f183aad229e29e9097ec73ce5ece357518f4a0359ab0bb58935d9	4552
113	53895203	Neo Database Text	exported_scripts/113__id53895203__Neo_Database_Text.rb	89d4fceb92a40018ab9270e77a40b5e8efb958489ee55107763bde3a6d6bc628	11643
114	98461630	Dialog system	exported_scripts/114__id98461630__Dialog_system.rb	01de92099d3ca2245edafb5f919ae711daa806b798d0bb7372bcc3f5b10a6a7e	7236
115	96176794	Cursor Sprite + Smooth Movement Script	exported_scripts/115__id96176794__Cursor_Sprite_+_Smooth_Movement_Script.rb	223b2e03598b2ac2181a3eb0fefb1ecb202cc6f6e0a7ddfae9f14cf6b40a3570	7670
116	70683338	魔劍工舖 - 內部函數擴充 1.06	exported_scripts/116__id70683338__魔劍工舖_-_內部函數擴充_1.06.rb	c3c4ee1d67ab6d7320e3b02997b940123fc27dda616527c211469377335ca3bb	6305
117	9637447	特殊効果判定用ベーススクリプトＡVer1.11	exported_scripts/117__id9637447__特殊効果判定用ベーススクリプトＡVer1.11.rb	56f727c401b214e9cf95bc9f5593210f506efe1a40dd0d8f1f308b7fabc93ee8	26655
118	72899758	「注釈」を使ったイベントコマンド拡張系	exported_scripts/118__id72899758__「注釈」を使ったイベントコマンド拡張系.rb	fcfd6af9fe63443aacc3155c4f43c12ca57f278689a727a6fe951957d76353d8	8352
119	62898482	KGC_BitmapExtension｜Advanced Region / Raster	exported_scripts/119__id62898482__KGC_BitmapExtension｜Advanced_Region___Raster.rb	1b50c8dd3df06c4f1d8582eb5b6f363e07d33513dd65845e9f3ff8397d51d342	56820
120	11822133	▼ 12 GAMEPLAY｜Shop / Trade	exported_scripts/120__id11822133__▼_12_GAMEPLAY｜Shop___Trade.rb	e3b0c44298fc1c149afbf4c8996fb92427ae41e4649b934ca495991b7852b855	0
121	30603282	運用法	exported_scripts/121__id30603282__運用法.rb	70d00dbab909d616eda19162d6e61433402322ce795cf73fb5c3d07e00fb7f49	255
122	45901704	BarterShop_Core v1.0｜交換商店	exported_scripts/122__id45901704__BarterShop_Core_v1.0｜交換商店.rb	295a5e293004d9aeccef86669964fe150955f51111ba66132beb8a7ed3dc5d82	21912
123	90751427	▼ 13 GAMEPLAY｜Database / Books / Systems	exported_scripts/123__id90751427__▼_13_GAMEPLAY｜Database___Books___Systems.rb	e3b0c44298fc1c149afbf4c8996fb92427ae41e4649b934ca495991b7852b855	0
124	45800516	ItemAlmanac v1.2｜物品圖鑑	exported_scripts/124__id45800516__ItemAlmanac_v1.2｜物品圖鑑.rb	571b36b0174bfcce2fc9c3f66d22846bcb0a4b43d618f854d40e9c14d6ae9944	37337
125	68277595	RingMenu_Core v1.1｜Common Event Ring	exported_scripts/125__id68277595__RingMenu_Core_v1.1｜Common_Event_Ring.rb	93a6a9f3438b4e0b7d18c7faf8f91147ff072e270c885e124f5ec16beedca496	21490
126	23938379	地圖技能	exported_scripts/126__id23938379__地圖技能.rb	a9cdc1cb1be0d190e13ce5e71c9959e9914c04a4cdb7527651210308facb113e	2247
127	28061043	表情符號擴充+icon表情	exported_scripts/127__id28061043__表情符號擴充+icon表情.rb	d9a3a68a38e5908d39a361c49821400a00ce232d4b0d386fc9d7fbbe70cfce9d	8973
128	71285226	呼叫事件（跨地圖）	exported_scripts/128__id71285226__呼叫事件（跨地圖）.rb	bf1bda4839c09e5b5d199bf039a03f9a94e7f0226f84f0a49eff24e243000c73	4386
129	36903335	魔劍工舖 - 書籍閱讀 1.04	exported_scripts/129__id36903335__魔劍工舖_-_書籍閱讀_1.04.rb	153744d92cd525b953945ddfe66a7847650084b8e7117d1db3367316bef5b719	29049
130	55180559	H87 - Guida遊戲指南	exported_scripts/130__id55180559__H87_-_Guida遊戲指南.rb	71a789c3f876c088dd784cc66713b67f9289e14fbf11e5065c1b02c2da7f9d16	28857
131	88327571	鍛冶屋	exported_scripts/131__id88327571__鍛冶屋.rb	63eceb50a562a52be2fe103052e332e70df61a143a4a1005cdd6358496fd95fa	18292
132	46274869	基本クラス	exported_scripts/132__id46274869__基本クラス.rb	703002b1b978b02ee1fcddc2ea4a123a658852ebe7d4eccc12acfbc1be07de17	19025
133	40551436	ウィンドウクラス	exported_scripts/133__id40551436__ウィンドウクラス.rb	4d5bd282a07eca3274eaf68cc02e95ad1d06c441915cdd5fa25a4ae650cd0156	52607
134	35505143	シーンクラス	exported_scripts/134__id35505143__シーンクラス.rb	00e2581862a62cb18936294ac414ac595b4638aafdf22dafb720b712d03900dd	15171
135	7928587	選擇物品小視窗	exported_scripts/135__id7928587__選擇物品小視窗.rb	a08dcf6459afc3a47c53c509f3ce5fba0825edc893e2c7666bc6031287de5743	12309
136	52064960	好玩寶箱系統	exported_scripts/136__id52064960__好玩寶箱系統.rb	c898389caa73788535ad91fd80244b8b6a280510f367626fcc503fdb34080b61	36628
137	83500660	購買用換物+錢	exported_scripts/137__id83500660__購買用換物+錢.rb	965b76a5d9854c568ee1b1dcf34c9340abbff2fc8971b7b17984882700c9a4fe	13659
138	39186063	▼ 14 GAMEPLAY｜Pet	exported_scripts/138__id39186063__▼_14_GAMEPLAY｜Pet.rb	e3b0c44298fc1c149afbf4c8996fb92427ae41e4649b934ca495991b7852b855	0
139	70437829	TPet_Character	exported_scripts/139__id70437829__TPet_Character.rb	e201f9dcdd4aec719854ce548e28444928c668064933c3fe728682777cb522e4	9147
140	93945153	TPet_Item	exported_scripts/140__id93945153__TPet_Item.rb	d47bb26a65e140255e40335030cef5e23b6cebc952dfaccf7e541d3ec8e904c2	4596
141	53444379	TPet_Window	exported_scripts/141__id53444379__TPet_Window.rb	d34de98e60d54539e81e20eae22692bff704acf35c6e6cb6cfb90775cffb8584	6756
142	33929849	TPet_Scene	exported_scripts/142__id33929849__TPet_Scene.rb	e8f329d3f630d1667731efcb6ddd495085e8266750b519fb5be2483b5c7a8d8a	9592
143	35218387	設定項目	exported_scripts/143__id35218387__設定項目.rb	796851b3bba02f72d1c2cdccfa14d27c6e272b92013b1a5a0f2b5d5a51570a23	6184
144	94727655	▼ 15 MAP｜Visual / Environment	exported_scripts/144__id94727655__▼_15_MAP｜Visual___Environment.rb	e3b0c44298fc1c149afbf4c8996fb92427ae41e4649b934ca495991b7852b855	0
145	63327187	HK - Ultimate Overlay Mapping	exported_scripts/145__id63327187__HK_-_Ultimate_Overlay_Mapping.rb	21fbd24913937c5744783d0600f67209e1e87d41df5e5c47e36878d92c15fe26	11649
146	5714227	Animated Parallax v2.1	exported_scripts/146__id5714227__Animated_Parallax_v2.1.rb	644928a5f68d7ffe090e83f38db3937adc4f50941afd097efc6c941880022d00	7326
147	84347201	Multiple Fogs	exported_scripts/147__id84347201__Multiple_Fogs.rb	5706ace41c0670246f1d2cf01a0abc33afeaff58609f2d3e4a93361b9fb9ac7d	15111
148	87866318	Variable Map Window	exported_scripts/148__id87866318__Variable_Map_Window.rb	05fe8bbace888a263e50f387cf0e168cebb4176c18f5d19a1837e8aae0505453	13616
149	78295713	AdvancedFog_Core v1.2｜Shuu_Fog	exported_scripts/149__id78295713__AdvancedFog_Core_v1.2｜Shuu_Fog.rb	7f46dd7e36412c676ea5461f89ca928e5538117add4a3fd39ddc887688804698	7761
150	10888016	ChestItemPopup_Core v2.1	exported_scripts/150__id10888016__ChestItemPopup_Core_v2.1.rb	69c92bc9e94992c023e46bed52af1e8c72510555bfdfd12e13bcbaf5b0051806	15581
151	49757239	氣候系統	exported_scripts/151__id49757239__氣候系統.rb	950ae270d70c675724b4457a5cb7e27bd0cc6da2a214fbbab420ea04774ad8cd	117644
152	7429673	Thomas Edison VX	exported_scripts/152__id7429673__Thomas_Edison_VX.rb	d2f4bf0749047428d8eea7e4921bb6a5d68486d155d86b2f516428c040dced15	17688
153	25866614	Khas Script Core	exported_scripts/153__id25866614__Khas_Script_Core.rb	08b97b7a2d15170c3d18360634cdc518f54685aeb0531d9cb769501fb6500bc9	7592
154	5816580	Neo Light Effects v1.3	exported_scripts/154__id5816580__Neo_Light_Effects_v1.3.rb	934834bfcdb0f7b3a8f17ad72dd25080412574f35b748935621cc7bba2aa74a7	9813
155	27922038	Neo Light Reinforce	exported_scripts/155__id27922038__Neo_Light_Reinforce.rb	b05107e27f31dbfc4910eee7c71a44628cd15c32021142d3e616984952d0a6e5	5145
156	91551367	播放连续图片	exported_scripts/156__id91551367__播放连续图片.rb	bb86f0994b0a70d1032a3e50b78eb8f7bdb70378180412bd91379d0e00453f26	5618
157	89387421	STEMB_マップエフェクトベース v0.8	exported_scripts/157__id89387421__STEMB_マップエフェクトベース_v0.8.rb	327497fa169c4688e836d253886dfc45612825d3f04fbd262458635b1e2ccd1a	4908
158	65048240	STREB_バトルエフェクトベース v0.8	exported_scripts/158__id65048240__STREB_バトルエフェクトベース_v0.8.rb	76be1d376800d2e127dca307f5305f8d6db54f5f90e17719b104939eb1cb4599	4938
159	51051069	STR14_サイドテキスト v0.8	exported_scripts/159__id51051069__STR14_サイドテキスト_v0.8.rb	90353d372103c2d7dfe9c69578cdf37d620072cef93f209f2d41d8a9ea7a34a2	10400
160	57430639	STR20_入手インフォメーション v1.2	exported_scripts/160__id57430639__STR20_入手インフォメーション_v1.2.rb	50c4e146d05b0840caa704a7e2799fed625e2cca11eb4d29493d170e76a8ec8d	9794
161	48718544	STR27_文字ピクチャ生成 v1.2	exported_scripts/161__id48718544__STR27_文字ピクチャ生成_v1.2.rb	f3fdf2704731b9b4c889b0027a5e44332a8890e665de96afe68b8446b84b7639	11111
162	47045983	STR08_ゴーストイベント v0.8	exported_scripts/162__id47045983__STR08_ゴーストイベント_v0.8.rb	4bca36ee4f50471cc3915307160a4945345a3d9bfa3e66e851ac14c8451fa75c	3971
163	81664057	STR38_画面キャプチャピクチャ仮 v0.6(β)	exported_scripts/163__id81664057__STR38_画面キャプチャピクチャ仮_v0.6(β).rb	9986d7a63436cacf7b975c0391abbdc3f3c33053673d25876d9660d52167481b	5984
164	23983159	▼ 16 MAP｜Event Extensions	exported_scripts/164__id23983159__▼_16_MAP｜Event_Extensions.rb	e3b0c44298fc1c149afbf4c8996fb92427ae41e4649b934ca495991b7852b855	0
165	967248	對事件使用物品	exported_scripts/165__id967248__對事件使用物品.rb	3992f78c52d9015097bf697efd7b05821716232322237b89dd3cd953a0ae0d53	25083
166	69156533	  ----說明	exported_scripts/166__id69156533__----說明.rb	9e708e1108aaf3562b2f01a8834b0af887a3e91b214ff96e02c71dc84de9e583	9171
167	85560799	Zoom 大小	exported_scripts/167__id85560799__Zoom_大小.rb	afdcb444cb23468367adfde35bb6bb790d711800c01f6c0c9cb638a82641b402	3756
168	22563227	FS_Z21_Eventeer_Authority v1.1	exported_scripts/168__id22563227__FS_Z21_Eventeer_Authority_v1.1.rb	643cc324b7dd4a12e0eada98490a109508bec0268ee0bc98056a3586be98858c	10508
169	15983589	Eventer's Toolbox	exported_scripts/169__id15983589__Eventer's_Toolbox.rb	8ffdfb8401adfef700a5ed9a91b3e6572bb6fef78b5c05b80178d9f84e7b0e11	9832
170	38747564	changeSelfSwitch	exported_scripts/170__id38747564__changeSelfSwitch.rb	c19dd3e2a30b2988f33f16c3b54a5c7a8c67ccacb5f2cab75aa094061a78e4e2	2376
171	76921388	事件遁走動畫	exported_scripts/171__id76921388__事件遁走動畫.rb	d27b1004794e1349c969ef9f56708b50741c7bb73ba0cd6ba8a2d238c6c356c0	20654
172	93853925	事件移動	exported_scripts/172__id93853925__事件移動.rb	b904c6fe0630b37cc77bdbc115485793324cba3843c5bbba1a2bdfa90672bee4	4232
173	92658542	事件效果(透明度、速度)	exported_scripts/173__id92658542__事件效果(透明度、速度).rb	1a5ebbad894781a82e1ab68d07e7acfc077f82d1dd841d02a0abc2e84a76cca8	4178
174	15754104	特殊移動命令	exported_scripts/174__id15754104__特殊移動命令.rb	017d5ebd3eb56654951358eb49fdfc39bda02128f7b2b9f12ca23bc93332af6d	11732
175	90765361	事件偵查範圍	exported_scripts/175__id90765361__事件偵查範圍.rb	d4b286a36cc89e73d39c5694a0da9065176f667b1f44b5795312e5113bb44610	4816
176	20133669	事件名稱顯示	exported_scripts/176__id20133669__事件名稱顯示.rb	03c21134d5d3cba31f8205905a34976a5d2e9f3c355e7cdf8b1cc4311ce6bb9e	6513
177	50520118	ワープ	exported_scripts/177__id50520118__ワープ.rb	5a21ac1ed5aeed1ed170ce7feac2ed35e07b4f443ecac8f1f4f4cd18c1e3e662	6904
178	8527850	事件旋轉搖擺	exported_scripts/178__id8527850__事件旋轉搖擺.rb	9d367f09a006429c91bfb3105581afefa1f8d866ff4998dcdbd7ba4d9a31334f	10030
179	42644625	Dynamic Sound Emitting Areas v2.0	exported_scripts/179__id42644625__Dynamic_Sound_Emitting_Areas_v2.0.rb	c8b7d75e55e76d9ec6705b422cbe1721f249461e3fae2d1e164213c1bfc63c9f	12713
180	70209335	▼ 17 SYSTEM｜Quest	exported_scripts/180__id70209335__▼_17_SYSTEM｜Quest.rb	e3b0c44298fc1c149afbf4c8996fb92427ae41e4649b934ca495991b7852b855	0
181	49245611	Clean Configuration	exported_scripts/181__id49245611__Clean_Configuration.rb	0200338786f2e0dcfdb55553cf16db733c8f56dc021e1ffa5785630a2e059523	12226
182	9761840	Paragraph Formatter v2.0	exported_scripts/182__id9761840__Paragraph_Formatter_v2.0.rb	30e9dba305464d3788626903c2dc373ceb2ce68d15533b4cc4acb3466cf7156a	10536
183	7300960	Fixed Font Formatter Algorithm	exported_scripts/183__id7300960__Fixed_Font_Formatter_Algorithm.rb	867c15ae8577543e569b9d8e3e6ec8fe5d4e8cef3f2a596d285ac54b1d9c2560	7234
184	95007159	QJ2 - CONFIGURATION	exported_scripts/184__id95007159__QJ2_-_CONFIGURATION.rb	285960709627f233b805645221d87b462932671278a325d0c3c688ef20d4cb03	19631
185	40760244	QJ2 - IMPLEMENTATION	exported_scripts/185__id40760244__QJ2_-_IMPLEMENTATION.rb	efb598d8e7a65da878b55dd79c270146cff9505eb6a4c3eeb8ee2f7417036e5d	69244
186	50505768	Special Codes Formatter	exported_scripts/186__id50505768__Special_Codes_Formatter.rb	3493b58cc4ead4058fb5c114e001dca9910a3e6d1aaeb03562e9f24c195e8b47	16976
187	28547255	▼ 20 UI｜Menu / Save / Status	exported_scripts/187__id28547255__▼_20_UI｜Menu___Save___Status.rb	e3b0c44298fc1c149afbf4c8996fb92427ae41e4649b934ca495991b7852b855	0
188	71939741	ATS 3.0	exported_scripts/188__id71939741__ATS_3.0.rb	af6a9e9b2a2202e23fb785530791aa30d93fd9977197542447de6028d1e27157	136373
189	55833359	MenuWindow_NoCursor｜Selectable + Command Core	exported_scripts/189__id55833359__MenuWindow_NoCursor｜Selectable_+_Command_Core.rb	092d22b865042d7f874500b24b7c8bcbf85cbb66fa098e24aa70beeaa48cf8b9	14856
190	28161718	YEM Core Fixes and Upgrades	exported_scripts/190__id28161718__YEM_Core_Fixes_and_Upgrades.rb	7217dd233f9da6286e0e0a62550cf3da57defeede2ca410036d14dfbae9effb8	36622
191	75943712	YEM Restored Functions	exported_scripts/191__id75943712__YEM_Restored_Functions.rb	cb9b365cb19e6d9d674155b2f29e6132bfa3a31a0a1ddf6411bf4e9dc60e72b0	17116
192	62861648	YEM Main Menu Melody	exported_scripts/192__id62861648__YEM_Main_Menu_Melody.rb	8a8194c2d59651d9af5f5f1b8fa9b14b94e5291265237f390a05d1021b23cef1	35668
193	16208326	Slanted Gauges	exported_scripts/193__id16208326__Slanted_Gauges.rb	b359be255f5002d5cf7644c06af2d7a9009eaf433e801cdbd84b0f275e11b115	6512
194	52323332	MP Types	exported_scripts/194__id52323332__MP_Types.rb	1a89751916ed6501acf574820065b95b4d1a7fd06734669a9d508a5af9356edb	6498
195	3531982	FFXIII Layout｜Main Menu	exported_scripts/195__id3531982__FFXIII_Layout｜Main_Menu.rb	0efa2cf586d476db0ddff870c38c87adfe3c6a8726b3d0725b2ce9dd58e05802	27020
196	83146552	YEM Item Overhaul	exported_scripts/196__id83146552__YEM_Item_Overhaul.rb	d3f6f8c08410a83dfffa3be32c4bd06b42cfa7b6be5c4dcf7e44c4c20995473c	59230
197	90846488	YEZ_SkillCommandSelection_Core｜Skill Menu Bridge	exported_scripts/197__id90846488__YEZ_SkillCommandSelection_Core｜Skill_Menu_Bridge.rb	cbecd29dc1bb6d6d230348afce6b125479123409cc3ccd0e8c99cb05084b3204	40611
198	47408299	Rip_MenuStatus	exported_scripts/198__id47408299__Rip_MenuStatus.rb	b3c92900c1a9152b8949d86c61f87c36a2f587fa9dcdafb8c7d287fb8843fb84	4766
199	45731952	YEM System Game Options	exported_scripts/199__id45731952__YEM_System_Game_Options.rb	929248ae4da91b864a4fb73bc4f7db6c1157b027327099747b40df07db2c7ed5	43730
200	20926362	Neo Save System v5.0-FS1.1	exported_scripts/200__id20926362__Neo_Save_System_v5.0-FS1.1.rb	9454dadb3f562c2b27fe2dbdeaf0c04cde7e411cbe9b4c907fd9e65d32310c38	27856
201	10333460	YEZ Status Command Menu	exported_scripts/201__id10333460__YEZ_Status_Command_Menu.rb	6b573c84e5878ae9842bd6e41296af9d6ee26b099a6a730bd414e34b54c8f458	47184
202	58574527	KGC_ExtendedStatusScene	exported_scripts/202__id58574527__KGC_ExtendedStatusScene.rb	91db60c9672266dcfe6e5ccd2cc41ee39e881092d684e19fe34d7644512eb2af	34328
203	12472793	Window_StatusDetail2	exported_scripts/203__id12472793__Window_StatusDetail2.rb	791dce2933603d1c6fd8d5e8adfcda812677606cb592727d183fee1473fc7906	20339
204	50698863	狀態優先度0 隱藏	exported_scripts/204__id50698863__狀態優先度0_隱藏.rb	148b5937512f8bd6cf2e82c9f594d635210e49d844bb803f5ac6e0c847a7d5b4	3315
205	68812956	存檔跳出訊息	exported_scripts/205__id68812956__存檔跳出訊息.rb	51b078b9008865e3c939ed6b4d2f78f7800980f983a2fef01630ae95d9170f8d	4100
206	55866355	单一装备固定	exported_scripts/206__id55866355__单一装备固定.rb	472963cc946621726e13aa95f0d3e4f33af0370b8ba0fdad11bd45537e36980d	3562
207	7911525	200x/XP 機能再現 全體攻擊等	exported_scripts/207__id7911525__200x_XP_機能再現_全體攻擊等.rb	7fc58aa0e78fdf911a78f7930ff208640fd3cff7d7bad055982d026b492926f8	39685
208	82663891	▼ 30 BATTLE｜AI / Deterministic Test Hooks	exported_scripts/208__id82663891__▼_30_BATTLE｜AI___Deterministic_Test_Hooks.rb	e3b0c44298fc1c149afbf4c8996fb92427ae41e4649b934ca495991b7852b855	0
209	90600001	FS_Battle_Authority_Map v2.5	exported_scripts/209__id90600001__FS_Battle_Authority_Map_v2.5.rb	4b10c4578ba5fc9ad7c341d02c5aadf81a120530c0436916db7a4c3e54e11d45	22398
210	99918659	FS_AI_DeterministicRandom v1.0	exported_scripts/210__id99918659__FS_AI_DeterministicRandom_v1.0.rb	97c021307908dc62ae62975bbb2664bad99285cc53632afd7c0770f8d8253e2c	5425
211	1796883	EnemyActionPattern_Core v8.02｜Enemy AI Decision	exported_scripts/211__id1796883__EnemyActionPattern_Core_v8.02｜Enemy_AI_Decision.rb	ca31a0570fe7bbcf9b4dd4189596d7876b4b162d31a9d120c0442faa358e9ed9	38065
212	84939977	EnemyActionPattern_Manual v8.02｜繁中參考	exported_scripts/212__id84939977__EnemyActionPattern_Manual_v8.02｜繁中參考.rb	d32e833bf974fff4af31db475911321138ce6136b41e04109be62ef0ad7f4098	26914
213	64317457	ActorActionPattern_Bridge v2.10｜State-driven Pseudo AI	exported_scripts/213__id64317457__ActorActionPattern_Bridge_v2.10｜State-driven_Pseudo_AI.rb	d9bef937a285444e90e0d4f270f937614fbef8286fd536c826209dd4bfbe015f	11857
214	12825334	追加：根據狀態選擇技能	exported_scripts/214__id12825334__追加：根據狀態選擇技能.rb	7aa290839763ec48e0744d45af3db741e268ce8ca4a2d2cd95e1f1687d493198	9235
215	33827046	追加：根據位置選擇	exported_scripts/215__id33827046__追加：根據位置選擇.rb	367eddf9390afff6953a97fed3c099fa2ee0e2e3d11d70c06232e07718de46b4	9442
216	44383009	追加：技能有效度	exported_scripts/216__id44383009__追加：技能有效度.rb	10a9e5d7c410171e17f0f49f693aef365fd6c3f0794cd53478f12cecb3529809	10984
217	84761571	▼ 31 BATTLE｜Tankentai / ATB	exported_scripts/217__id84761571__▼_31_BATTLE｜Tankentai___ATB.rb	e3b0c44298fc1c149afbf4c8996fb92427ae41e4649b934ca495991b7852b855	0
218	98404534	Scene_Battle｜Battle Start Override	exported_scripts/218__id98404534__Scene_Battle｜Battle_Start_Override.rb	cf5c022a7dd8b5c64c0638e49700b2a776a80f4784802ba8552664d84ea94ece	2956
219	19650671	Changelog	exported_scripts/219__id19650671__Changelog.rb	8420ea88683b9f92aa71aa20f1b9b702f5e4cb5d45b14ccc795fa7ccdb564c50	7521
220	18439561	♦DPS計算	exported_scripts/220__id18439561__♦DPS計算.rb	2326bff9729630de609b1a14adecfe4b76d46245af59455c0584765f86a396a5	11446
221	64600430	BattleResultStats_Core v1.5｜Result / DPS	exported_scripts/221__id64600430__BattleResultStats_Core_v1.5｜Result___DPS.rb	c06e8c4445e38a1e99012af1836b9404f9a88cf01486e0eb9c8c1d88ca3dacfd	52708
222	85761875	敵人姓名	exported_scripts/222__id85761875__敵人姓名.rb	37788e7e0c4afaef46eb785bac89d560ff2fe77b658019825e01e9722392e2ca	9816
223	37395262	▼ 31A BATTLE｜SBS Core	exported_scripts/223__id37395262__▼_31A_BATTLE｜SBS_Core.rb	e3b0c44298fc1c149afbf4c8996fb92427ae41e4649b934ca495991b7852b855	0
224	84695295	SBS General Settings 3.4d	exported_scripts/224__id84695295__SBS_General_Settings_3.4d.rb	fbfa6035d41331ede7334854d01ae91d9eeafc6e25fa6cb2a91f43533b774ac6	7928
225	41188093	SBS Battler Configuration (K)	exported_scripts/225__id41188093__SBS_Battler_Configuration_(K).rb	84eb54e2a3f0c4807e20db9cadf3335db36ebe70d3cc8ecce45a5370878723ad	157787
226	98959374	Sideview 1 (3.4d)	exported_scripts/226__id98959374__Sideview_1_(3.4d).rb	5cac3ed419da92923c3c0909a2fff22afda4978455f60955d2231ef19066b62b	88274
227	82029337	Sideview 2 (3.4d)	exported_scripts/227__id82029337__Sideview_2_(3.4d).rb	a3bf3bf6f9d02c999833208b4303f1b456cfdebd302ce068753a3c27ea8901e5	112356
228	93187885	掃描敵人	exported_scripts/228__id93187885__掃描敵人.rb	68398313cc560d01c45e92d7e7a5eb3199c6742fa64c0361af2766f282327d8c	8698
229	72775960	Window_FriendInfo	exported_scripts/229__id72775960__Window_FriendInfo.rb	1e7879c4dce6162824350d8d34644c124d4983a344fae37729e1bc7d350f872b	4096
230	55188000	ATB Configurations	exported_scripts/230__id55188000__ATB_Configurations.rb	c3c77287b8973bf99ff31a8fe1423b60eb11a67dbe5521583adc844a3c2651ec	24020
231	21262629	ATB (1.2c)-0627	exported_scripts/231__id21262629__ATB_(1.2c)-0627.rb	58def5b2a288e9e10b51a9dcaa5adeab19e1b9efd6b3034c8dd18a89fb5397c6	123675
232	91776832	Scrolling Window_Help	exported_scripts/232__id91776832__Scrolling_Window_Help.rb	4f6a300a84b9be87e885f07de9de1c052d93950331b3eda1ca044d0bc7afb4dd	5517
233	46300890	▼ 31B BATTLE｜SBS Add-ons	exported_scripts/233__id46300890__▼_31B_BATTLE｜SBS_Add-ons.rb	e3b0c44298fc1c149afbf4c8996fb92427ae41e4649b934ca495991b7852b855	0
234	12422743	Tankentai Notetags Add-on v1.1	exported_scripts/234__id12422743__Tankentai_Notetags_Add-on_v1.1.rb	c6c74b971fb95476867554cf767b826292d2d6734a829ec3930f7c8f0001768c	40577
235	37223399	Monster Collapse VX v1.2	exported_scripts/235__id37223399__Monster_Collapse_VX_v1.2.rb	eff0cb5688676b0e79faa097ed386dd0680b07f47095a9a260e203a7b99feb8f	11234
236	68968673	Old Vers. Compatibility (K)	exported_scripts/236__id68968673__Old_Vers._Compatibility_(K).rb	c71101249619ffa6288105ed38a49b0d0cdcddb69625b17b5d6aa7a981b65299	7990
237	89606734	Animation Overlay Patch	exported_scripts/237__id89606734__Animation_Overlay_Patch.rb	df4b967eda770ee8b06af54e5ad00faa6b9dc06a133d9fd24b6fe7130b1def78	16248
238	30779206	NightWalker's Sample Skills	exported_scripts/238__id30779206__NightWalker's_Sample_Skills.rb	88646e3131433ddff0c23ac3c6fa8a13f7289b4c56911e5b826d495a577efac2	5367
239	58791387	Bubs' Bow Add-on (K)	exported_scripts/239__id58791387__Bubs'_Bow_Add-on_(K).rb	2b5faadd7e9c75f63eb269adb8088ab9adfa85a82422b7806100f0512b525821	7955
240	28210012	Guns Action Sequence (K)	exported_scripts/240__id28210012__Guns_Action_Sequence_(K).rb	737cc545e85d1999323327f207d8205dd0dc3070ec2e977934315dd286af4192	4405
241	26550440	Premade Action Sequences	exported_scripts/241__id26550440__Premade_Action_Sequences.rb	50f0d7db9a456fbbeac1a52264fc5f9fde3b7e8404a97fcdd57c8c8027f4ca44	50546
242	51354921	Dash Action Sequence	exported_scripts/242__id51354921__Dash_Action_Sequence.rb	17c666124e46a64df2e2d07ce2fbeb4984eebd294bb8752b61808d20e8d7ed36	4839
243	89264822	Default Scope Options Addon	exported_scripts/243__id89264822__Default_Scope_Options_Addon.rb	0d19130341e2c7fa1faef278e693e2f10b632a5ac825ec20f9c14e3758e1c25c	8829
244	96976856	Pokemon Action Sequences	exported_scripts/244__id96976856__Pokemon_Action_Sequences.rb	78bd32bac03c68d7764b42348cd7f4deb6f4d62c3bfc72a2bfca392e46b545cf	16185
245	91439411	狀態動畫顯示	exported_scripts/245__id91439411__狀態動畫顯示.rb	3ab995b46aa10f107b46618f57e8bc33f2912af38d386239404f07c237e85b5d	5833
246	42931480	☆VS - Character Skill	exported_scripts/246__id42931480__☆VS_-_Character_Skill.rb	49c46eed4c7fe6f247226e79daf83184dfc208c9c2c1fd381cc0c0b040f975dd	6827
247	99550217	       NoBattleTransition	exported_scripts/247__id99550217__NoBattleTransition.rb	915a23f41085b056b1f964a1eaa9d648e526102fb0224e02e2e82e33ad5a64b7	2374
248	44265002	       BattleSwirl	exported_scripts/248__id44265002__BattleSwirl.rb	b8de8e3cd6126dd962e74ccc47201c656536d3008e0241a1f67ee1525f075701	4372
249	29745382	STR15_Enemy HP Gauge	exported_scripts/249__id29745382__STR15_Enemy_HP_Gauge.rb	d253ed866c8141438ddc1470bf94f55bf9360e284d0ba90d1f15c10fee2a1858	8179
250	26261916	module GCCH	exported_scripts/250__id26261916__module_GCCH.rb	1ed128933375de7f8bdb8639672afc2f2eaf1df136c5da3b9871642496e1fe5e	2356
251	20981718	螢幕上繪製狀態	exported_scripts/251__id20981718__螢幕上繪製狀態.rb	ab54deda4e84a54dd0ba9c944393a2a35e2e9b6978fa403d3f5e285672648d7d	5156
252	85112598	读取rmvx备注栏	exported_scripts/252__id85112598__读取rmvx备注栏.rb	ee6b9c05edbaaf5764d7079c1ca59cc2521ac46a0a90b24fdeb13a44cf37aaff	6171
253	95652673	戰鬥訊息	exported_scripts/253__id95652673__戰鬥訊息.rb	be05ac5ae3378d244274c7d31a42a1f178babdf25eb50e0358f87b0a94765e88	6140
254	97511965	狀態圖示顯示	exported_scripts/254__id97511965__狀態圖示顯示.rb	9ac9bf09907cdec7705df771a6f9dd9f81abdf2dfd48d0461286b1b5566c825b	5178
255	90726929	▼ 32 BATTLE｜OverDrive	exported_scripts/255__id90726929__▼_32_BATTLE｜OverDrive.rb	e3b0c44298fc1c149afbf4c8996fb92427ae41e4649b934ca495991b7852b855	0
256	60408848	KGC_OverDrive	exported_scripts/256__id60408848__KGC_OverDrive.rb	d746b4064a9029b17e1e65d1e8664c4d5d9ba9a3f63b32166de89ffe02ef0e20	41429
257	86874070	攻擊時OD加值	exported_scripts/257__id86874070__攻擊時OD加值.rb	f808f8b879eaa4f3f032f8b2f3add3408fefcbf6783015387109d756be0496cf	7902
258	77494411	勝利音樂漸隱	exported_scripts/258__id77494411__勝利音樂漸隱.rb	02ce665d7527808c0dcd9b5ec08d823cb7d6ec8843b121af64f7bff9389e25ce	3231
259	55914646	KGC_調整戰鬥等待	exported_scripts/259__id55914646__KGC_調整戰鬥等待.rb	28feb110aade509c044619dd773509ffe252f948143a3445030d44e293bae5cc	6414
260	90977876	爆擊效果	exported_scripts/260__id90977876__爆擊效果.rb	6cd2aeea780ccdf53f7e3748b02487ce8db62139191a923d956b764eb4b5411a	5985
261	53143679	戰鬥視窗透明度	exported_scripts/261__id53143679__戰鬥視窗透明度.rb	d4a428c7ef8d4b5aafd5c6f1d8cf948e1b07f2fcc5a646a244c085bf4eb5339d	2425
262	66239772	▼ 33 BATTLE｜Presentation / HUD / Background	exported_scripts/262__id66239772__▼_33_BATTLE｜Presentation___HUD___Background.rb	e3b0c44298fc1c149afbf4c8996fb92427ae41e4649b934ca495991b7852b855	0
263	84147934	BattleScape｜Base + Variable + Troop Authority	exported_scripts/263__id84147934__BattleScape｜Base_+_Variable_+_Troop_Authority.rb	688ae135d5ad17289a870f736825375087cc16752576222460b4974cedf1e4f4	16023
264	40141856	FS_BattleFog_Authority v1.0	exported_scripts/264__id40141856__FS_BattleFog_Authority_v1.0.rb	226754e3aa0760fbbb23b3187c2657b9ef5577b9eee4a7a12972c9e24a05c2da	11364
265	37364488	EXP Controller v1.2	exported_scripts/265__id37364488__EXP_Controller_v1.2.rb	fdf9728457ae490c37cf468d44c8dba4c6acc892db898178b40f30d344be00ab	8585
266	81195930	State Icon Animation	exported_scripts/266__id81195930__State_Icon_Animation.rb	0831c56736467de86f4e837306ed5e4c3c10075db432c06ec6b2a8aa31d6192f	7504
267	10276574	BattleCommandVisual_Compat｜Legacy Spin Disabled	exported_scripts/267__id10276574__BattleCommandVisual_Compat｜Legacy_Spin_Disabled.rb	a9163ce11231cf8de4c185b0046212454f9556b148fc5582cc5fd564e579b443	7902
268	50951194	BattleStatusHUD_Core｜0226	exported_scripts/268__id50951194__BattleStatusHUD_Core｜0226.rb	a2b426c1930b95c6b9affc7945a3181a10e3015c03416b6f50308cdc9e588dde	24327
269	63725020	STR11+og_KGC Overdrive	exported_scripts/269__id63725020__STR11+og_KGC_Overdrive.rb	8105cc07a233ee7617e9baaab049ee6db87432a97690d3a772ac554c08718fb0	6714
270	72218188	YERD Enemy Level Control｜Dynamic Enemy Level	exported_scripts/270__id72218188__YERD_Enemy_Level_Control｜Dynamic_Enemy_Level.rb	cda0cb3cfcd3091f475dd9a2a29ed327647327edc36d160cefb3fd9f83a8b241	18856
271	44048578	▼ 34 BATTLE｜Bestiary / Scan	exported_scripts/271__id44048578__▼_34_BATTLE｜Bestiary___Scan.rb	e3b0c44298fc1c149afbf4c8996fb92427ae41e4649b934ca495991b7852b855	0
272	56334077	YERD_BestiaryScan	exported_scripts/272__id56334077__YERD_BestiaryScan.rb	fc67692b29416232f120b8314ce2b7c2f510115c1468203a12d95d651d745bf5	97011
273	99918658	Window_StatusDetail參考	exported_scripts/273__id99918658__Window_StatusDetail參考.rb	34a7fc6c3d2dd17a1d09f39ffc2e930719cce053606c1270019845caf76f1a7a	20349
274	11624606	▼ 35 BATTLE｜Summon / Targeting	exported_scripts/274__id11624606__▼_35_BATTLE｜Summon___Targeting.rb	e3b0c44298fc1c149afbf4c8996fb92427ae41e4649b934ca495991b7852b855	0
275	50344171	EnemySummon_Core v1.1｜Enemy-only + SafePosition	exported_scripts/275__id50344171__EnemySummon_Core_v1.1｜Enemy-only_+_SafePosition.rb	c22707712a9ad58fb411a0e5a4463ed5678eca8fea4a915c287aad97ff9126ed	11332
276	88786809	YERD_TargetEffects	exported_scripts/276__id88786809__YERD_TargetEffects.rb	d97b7b4e33f59cebe78d3f5be27e9806cca0ad54ad8b66ec840f80aecf106e61	24551
277	12019688	FS_DynamicThreat_Targeting v2.2	exported_scripts/277__id12019688__FS_DynamicThreat_Targeting_v2.2.rb	506504a0ed1cc0a2179ca4cb052eafeb3a87af9b170c18115032a1ea63ef28ed	14834
278	71211864	FriendlyMonsters_Core v1.1｜GoldFix Integrated	exported_scripts/278__id71211864__FriendlyMonsters_Core_v1.1｜GoldFix_Integrated.rb	99b6e63d95d96e4e6213062b5cc2d4985cbb22d97f5e13c80c990a549666a4c1	11286
279	83943285	▼ 36 BATTLE｜KGC Extensions	exported_scripts/279__id83943285__▼_36_BATTLE｜KGC_Extensions.rb	e3b0c44298fc1c149afbf4c8996fb92427ae41e4649b934ca495991b7852b855	0
280	24288749	KGC_Steal｜Base + Tankentai Compatibility	exported_scripts/280__id24288749__KGC_Steal｜Base_+_Tankentai_Compatibility.rb	2875b84d3a8341fc46ee796f2601fd672affd1b8b2a61e68021a0a3156a0bf9a	25808
281	41943618	KGC_EnemyGuide｜Base + SBS Compatibility	exported_scripts/281__id41943618__KGC_EnemyGuide｜Base_+_SBS_Compatibility.rb	6fa4e95b8319ddcb6883c6450cd6d7847c6641ca626c0fe87af2f680c022d959	57315
282	14580755	▼ 37 BATTLE｜Additional Systems	exported_scripts/282__id14580755__▼_37_BATTLE｜Additional_Systems.rb	e3b0c44298fc1c149afbf4c8996fb92427ae41e4649b934ca495991b7852b855	0
283	37705549	KGC_BattleCount2｜Battle Counters	exported_scripts/283__id37705549__KGC_BattleCount2｜Battle_Counters.rb	1a694bf262dda8ab99b9a15d1ccfc1c5e80a6f9bc4e2d2a653e38b43501de267	13487
284	26383062	戰鬥畫面天氣+色調	exported_scripts/284__id26383062__戰鬥畫面天氣+色調.rb	d77b3a3c88fc5dc38048cf0a9e6e9be36eb62f7de558a3a79e4cd8f50ba33459	6518
285	46696841	VX 敵人戰鬥坐標永續固定的設定	exported_scripts/285__id46696841__VX_敵人戰鬥坐標永續固定的設定.rb	94b370e642e2da0087725da6e38db7ead7eef2bd12a7628459970a7ba7b8d45a	4382
286	10252456	Field Effect	exported_scripts/286__id10252456__Field_Effect.rb	ed0574cf82652de2b2a26d0f6f2d5ce80c7f2e5bb86899d0d6afc048243230b4	11940
287	807631	▼ 38 BATTLE｜Skill Activation	exported_scripts/287__id807631__▼_38_BATTLE｜Skill_Activation.rb	e3b0c44298fc1c149afbf4c8996fb92427ae41e4649b934ca495991b7852b855	0
288	63780530	Skill Activation Header	exported_scripts/288__id63780530__Skill_Activation_Header.rb	e6c1a11ee1b0f27c172ab30f1c94315baf7cd29754251e071275de73265b6dd4	5275
289	91499879	Skill Activation Config	exported_scripts/289__id91499879__Skill_Activation_Config.rb	15877918201f5d2623ed94f3b171bbdd2ac954cf0b709e069ed2a507a83696e7	7742
290	10816003	Make skill action	exported_scripts/290__id10816003__Make_skill_action.rb	fb8caa9c808e6150ba1022d3638df8ceeac8f154306ddc1b6a9b645ce963f0ac	9739
291	69877032	Activation Property Config	exported_scripts/291__id69877032__Activation_Property_Config.rb	2a78929bee43e2752040ebb01d98a4611a579db191bebd520f3633c91366a1ae	6357
292	34251659	Skill Activation Core	exported_scripts/292__id34251659__Skill_Activation_Core.rb	8c156b31f27d95e7c117894db1ce0c0b9f5ccd8f8a797692b94fd8da69b38c82	28562
293	66000941	Patch disable	exported_scripts/293__id66000941__Patch_disable.rb	50db14d018be941a790e96024c1c89deafaf1da8e087e7f2bb39dff8177123e8	5862
294	38117050	Ev.Cmds for Sequences Add-on	exported_scripts/294__id38117050__Ev.Cmds_for_Sequences_Add-on.rb	84aae60c66fdef3df01f36d700422d7ef120a670032898b5c1ffd6ae7f782961	12192
295	73968659	YEM Controlled Encounter Rates	exported_scripts/295__id73968659__YEM_Controlled_Encounter_Rates.rb	524d7b145424b3bde7e69782555dda220bbe32885ec97dcbdcba5837ee22cf20	13936
296	31462803	▼ 39 BATTLE｜Party / Result / Post-Battle	exported_scripts/296__id31462803__▼_39_BATTLE｜Party___Result___Post-Battle.rb	e3b0c44298fc1c149afbf4c8996fb92427ae41e4649b934ca495991b7852b855	0
297	95614689	KGC_LargeParty	exported_scripts/297__id95614689__KGC_LargeParty.rb	09b34627d546a954d482453db52e48c3d1249b4c0bcf0794ef1e5637da17f289	87181
298	50697636	YEM Iconview Melody	exported_scripts/298__id50697636__YEM_Iconview_Melody.rb	060a0a02a19fd83fe502e37003706c8d4dc12098f8a7406722ac4cd9eec4065e	15808
299	50158388	FS_GlobalRuntime_Utilities｜ArmorMapping Storage / Evolution	exported_scripts/299__id50158388__FS_GlobalRuntime_Utilities｜ArmorMapping_Storage___Evolution.rb	a438726999b4ff8cbf8ca64aaa2c96f825ef8cecaa23417dcff5c6981bb7f274	8754
300	27397361	FS_EquipmentRuntime_Authority v1.2｜Policy + Map	exported_scripts/300__id27397361__FS_EquipmentRuntime_Authority_v1.2｜Policy_+_Map.rb	1a1998bfa62ba250b9de14145abeda38ad7956b647a13dd4ef12c50445aba62c	8424
301	3591123	▼ 40 SYSTEM｜Job	exported_scripts/301__id3591123__▼_40_SYSTEM｜Job.rb	e3b0c44298fc1c149afbf4c8996fb92427ae41e4649b934ca495991b7852b855	0
302	40402479	YEZ Job System: Base	exported_scripts/302__id40402479__YEZ_Job_System__Base.rb	b4efb73e3690c9fe0239baa22c7650dd04bc091d08f7db89f8a145c149a15266	38995
303	19653016	▼ 41 SKILL｜Rules / Costs / Passive	exported_scripts/303__id19653016__▼_41_SKILL｜Rules___Costs___Passive.rb	e3b0c44298fc1c149afbf4c8996fb92427ae41e4649b934ca495991b7852b855	0
304	42890656	KGC_StateLearnSkill	exported_scripts/304__id42890656__KGC_StateLearnSkill.rb	4e379bc5da41ea82eca67e6630f15ea6bdbd40ec0e67135d7a89f1ec67efc16c	5727
305	96256742	技能使用條件	exported_scripts/305__id96256742__技能使用條件.rb	e52007025f3152c87900d078c41212ea9f139d0f16136880e384a1f712c86fb2	10138
306	73434433	KGC_隱藏技能	exported_scripts/306__id73434433__KGC_隱藏技能.rb	cd44bfafeed74344b0ae65185fababe6368e0465ba40b7d63794ad968b311109	7678
307	15946880	KGC_PassiveSkill｜Passive Data / Runtime Provider｜FS CoreSafe v1.7	exported_scripts/307__id15946880__KGC_PassiveSkill｜Passive_Data___Runtime_Provider｜FS_CoreSafe_v1.7.rb	e30c1dc7444ad3deb77e816700953f3fca95a9d4f1d5dab7f8d8d4eb243dccea	49473
308	45979146	YEZ Custom Status Properties	exported_scripts/308__id45979146__YEZ_Custom_Status_Properties.rb	e2af829be224e5ed238163a9c36a52d18c5be45c372b2376f2cd5d95f512b38c	58544
309	52451665	回復不能	exported_scripts/309__id52451665__回復不能.rb	5d6dc5ece6150e63aadeb3e8cebdf98a133bbf15b5fd1d1f047b7b811a805984	8249
310	9687870	KGC_AddEquipmentOptions	exported_scripts/310__id9687870__KGC_AddEquipmentOptions.rb	37a23c06237888b4662303614fe5260870dd1d01659bfbb7524cd733dd937320	34827
311	8016640	行動封印	exported_scripts/311__id8016640__行動封印.rb	a4e205e31760ddb1471839f9b7c7e84141beebaaf59b9469614b56dc91ecfc29	7829
312	50261839	SkillCost_LegacyBase｜Holy87 Parser / UI / Battle Timing Bridge	exported_scripts/312__id50261839__SkillCost_LegacyBase｜Holy87_Parser___UI___Battle_Timing_Bridge.rb	85ad203e1cb39152fb6995a5555ee0a0293b3bab56128a24f50cd14d15572898	15909
313	96846647	H87_SkillDelay v1.1	exported_scripts/313__id96846647__H87_SkillDelay_v1.1.rb	641cd336e02c8fdc92945abd42a83383ec42dbe151f4cefe22b80de638133080	20800
314	9275483	PopUp Generale	exported_scripts/314__id9275483__PopUp_Generale.rb	b807cf0f00eebc41b05055cd40cf8aa6647c7298bd3eecc90d64f5e406719b12	18176
315	54422254	▼ 42 MAP｜Audio / Labels / Utility	exported_scripts/315__id54422254__▼_42_MAP｜Audio___Labels___Utility.rb	e3b0c44298fc1c149afbf4c8996fb92427ae41e4649b934ca495991b7852b855	0
316	58033000	Footsteps	exported_scripts/316__id58033000__Footsteps.rb	c3ce62dfa820813c61c1a55b94812225db0a624821b3a39556df1194b7f4842a	10961
317	1397463	NPC自言自語	exported_scripts/317__id1397463__NPC自言自語.rb	483e034834b5603156ef718104996b13f717e1eff35d4e1eb26321363126a419	15760
318	42969438	MEDAL 系統提示	exported_scripts/318__id42969438__MEDAL_系統提示.rb	73519a0909b4f61b267bee39081aa3429d14edf3a9f10082c3c0efb12d4b2e05	12933
319	7655404	MOG_顯示地名	exported_scripts/319__id7655404__MOG_顯示地名.rb	0e74dfdab4ed99f8223791dededd3157e23f2f555214df2f8e04c038aed70f67	6445
320	22065219	光擴散效果[MENU用]	exported_scripts/320__id22065219__光擴散效果[MENU用].rb	4d31b39155f4f15fe803479b8866f792ccd11945a29061474e1a0dfde5c8c7f7	13758
321	91962532	Message Queue	exported_scripts/321__id91962532__Message_Queue.rb	6beb2c215396c8b7d48eb8e58501826fe3a15eff0faf20f1509fc2abcf3e476f	19956
322	4427254	▼ 43 MAP｜Vehicle / Area / Equipment	exported_scripts/322__id4427254__▼_43_MAP｜Vehicle___Area___Equipment.rb	e3b0c44298fc1c149afbf4c8996fb92427ae41e4649b934ca495991b7852b855	0
323	56051055	乗り物拡張	exported_scripts/323__id56051055__乗り物拡張.rb	494133ac0121869336dd9d65c4fd6dba85482206c44c4b1faff3fec5878c40cb	101266
324	44217288	乗り物拡張マニュアル・使い方編	exported_scripts/324__id44217288__乗り物拡張マニュアル・使い方編.rb	a3713f46f59f4716aa74745570aab34060a6a61f6a98549bd6c7d8cb4d55f066	31781
325	39665297	乗り物拡張マニュアル・カスタマイズ編	exported_scripts/325__id39665297__乗り物拡張マニュアル・カスタマイズ編.rb	b4ec3e53e7066aaa274e7475c98b11f1a889af026cb4b8120d2813803e2e855c	12066
326	12311491	視窗震動效果	exported_scripts/326__id12311491__視窗震動效果.rb	6c2bd9aa9dcb17726a8ed1d42f7d7d851f7bfeb08fa3a7853a90778106292746	14044
327	11081480	地圖上的重複動畫(營火)	exported_scripts/327__id11081480__地圖上的重複動畫(營火).rb	6dbbeb7f58c8912f014710379129eb57d908594eb6047d912418fabeeb566053	3672
328	42774849	Icy-Variable Bars	exported_scripts/328__id42774849__Icy-Variable_Bars.rb	3a43c36453a137094270ef123bc30db70a9c2d5a0e13c222c082377f70715758	9684
329	36902818	Area+｜Complete Authority	exported_scripts/329__id36902818__Area+｜Complete_Authority.rb	f17570ee8d37a678c5cebd64864f41cad976d2351b696ca3f57e26bb6122fc89	15468
330	57623623	YEM Equipment Overhaul｜FS CoreSafe v1.7	exported_scripts/330__id57623623__YEM_Equipment_Overhaul｜FS_CoreSafe_v1.7.rb	38901e8cf7df7c3737ca836c580a953e86a9f5cbd66e9237182e5fcccb062a4f	124670
331	61393127	物品顯示NEW	exported_scripts/331__id61393127__物品顯示NEW.rb	cca113c35d5be75582b871a304e3caaa2abd7e38a141540d678bdeccca3b5e38	13566
332	34290200	▼ 44 MINIGAME｜Runtime	exported_scripts/332__id34290200__▼_44_MINIGAME｜Runtime.rb	e3b0c44298fc1c149afbf4c8996fb92427ae41e4649b934ca495991b7852b855	0
333	77273288	SSS - Minigame Bull's Eye	exported_scripts/333__id77273288__SSS_-_Minigame_Bull's_Eye.rb	08215119613af0b940ca5fb97d7d73d4a96053aa46ebd962ecdbf1cb48a65a1d	12530
334	70567129	SSS - Minigame Slot Machine	exported_scripts/334__id70567129__SSS_-_Minigame_Slot_Machine.rb	b22c31b48f7b36289ad6fed147a294e09d97b9535ffd72fb14a2381f340e0b24	19912
335	66446631	SSS - Minigame Button Mash	exported_scripts/335__id66446631__SSS_-_Minigame_Button_Mash.rb	aa0032c7934ee2880736940d8d7d08b1d3be0ab1ee8c8fce91d39712f7406f10	16948
336	51755490	SSS - Minigame Input Match	exported_scripts/336__id51755490__SSS_-_Minigame_Input_Match.rb	09e795575a2207baf04c385248ca4020bf8b24c4d52d83a90ac1ffe4d252d4e7	18137
337	75044626	猜拳	exported_scripts/337__id75044626__猜拳.rb	fcff84fb93def6b73f0bdd7e8cd142eb95904a97ae0262a028b859cfa09b59bd	9859
338	72087966	贪吃蛇小游戏	exported_scripts/338__id72087966__贪吃蛇小游戏.rb	f22c2a1ec76f5090ba781b21ac9501841bc2f7484a1a08336a41578ab9ba82c8	11781
339	45186475	Icon Passwords｜Ixfuru	exported_scripts/339__id45186475__Icon_Passwords｜Ixfuru.rb	34eecb311a9ece0ec243ec8a77c753b784f2751323ac0000b7a25c889d53d64f	12983
340	94210420	Mastermind_Core v1.0｜Mini Game	exported_scripts/340__id94210420__Mastermind_Core_v1.0｜Mini_Game.rb	53440148aa32c4d3b079989efe6120fab9204232eb1e5d33c10bcba46bb6e690	22236
341	78615150	转盘式抽奖游戏	exported_scripts/341__id78615150__转盘式抽奖游戏.rb	aea00f8403e9a71b28f890b14179778d49ea5d4f15f4ea4f793ba950be18b3c5	18644
342	86957603	ISS - ParaPassa	exported_scripts/342__id86957603__ISS_-_ParaPassa.rb	144817e543e99def1aedce0997985ddfe6b475dfa9dead08d8602cd3b23495c4	13711
343	37635318	▼ 50 COMPATIBILITY｜Legacy / Formula / AI / Core Fixes	exported_scripts/343__id37635318__▼_50_COMPATIBILITY｜Legacy___Formula___AI___Core_Fixes.rb	e3b0c44298fc1c149afbf4c8996fb92427ae41e4649b934ca495991b7852b855	0
344	67775179	Custom Dmg Formulas RD	exported_scripts/344__id67775179__Custom_Dmg_Formulas_RD.rb	70c6a63924997466d94d2ee1a8b64b841d3c866f963f07cf9a391b7f3efab190	27793
345	89540649	Provoke & Disappear State System v1.2.3 	exported_scripts/345__id89540649__Provoke_&_Disappear_State_System_v1.2.3.rb	f50785ec51c8ba431417698b23f88d4ca0410f40ebb43c6a15b408f937f98a94	4934
346	2171638	Cover	exported_scripts/346__id2171638__Cover.rb	f3de3c3c08ce15eafcd467df54bb4d8debfac685357e782a3e1e9d2755c93aa7	11168
347	76180322	Counterattack State v1.3.1 (修正版)	exported_scripts/347__id76180322__Counterattack_State_v1.3.1_(修正版).rb	b6110fc12b3fa9644e14a38ccca0399e569507fc2fe4d29c9a798309ba19a24d	7055
348	92751392	YEZ Job System: Skill Levels	exported_scripts/348__id92751392__YEZ_Job_System__Skill_Levels.rb	396e27276c96ce1472922e8fd40e0db8c9eccd3633aa67eb1728c273aaaa5fee	49087
349	32005844	技能按SHIFT顯示別頁	exported_scripts/349__id32005844__技能按SHIFT顯示別頁.rb	a52f34f3384d777be73b27f95bcf379ce48a99663e70aa888f79481ebabf1c13	4037
350	62005243	MITH_EncounterChance	exported_scripts/350__id62005243__MITH_EncounterChance.rb	e16feea0fe8700e337d3de58a817cd6547efa428530fcd5768e3c61c6aee6943	4584
351	80138645	H87-EnemyKilledCounter｜Runtime	exported_scripts/351__id80138645__H87-EnemyKilledCounter｜Runtime.rb	81d87c5b404b6d42a128da06173062f8dd219fae4602de87ec02c8c59f42d7f9	6805
352	10938628	FS_AutoBattleAI_Authority v2.3	exported_scripts/352__id10938628__FS_AutoBattleAI_Authority_v2.3.rb	73bbd8797559981e42ade4c88e394f55ed27d553bc03262c077f513af774a02e	34515
353	85282967	★變量&變數	exported_scripts/353__id85282967__★變量&變數.rb	48ff5a52eb83a6cdcdf932a11661bbf7be52e5c918aa11bba3da78a70becc12b	5031
354	87749492	物品打星星	exported_scripts/354__id87749492__物品打星星.rb	07e94013d8f37e0e2bd4723b7ec1052695a175a00e2e9d7ffacf9ae13043da3b	14716
355	26553213	ErrorLogger	exported_scripts/355__id26553213__ErrorLogger.rb	70afbceeba9f7af2ee3fcd076bec3aa591b2618cbf65ddc4a3b84f1e1cc07d1a	4631
356	40244608	NoteParser	exported_scripts/356__id40244608__NoteParser.rb	1a3b4aafdd479dbd62d2ac4d9eb766cd6028d54750a365e0aa11e07a49fbbc8a	2816
357	37571230	目標過濾-new	exported_scripts/357__id37571230__目標過濾-new.rb	ca5d064aa455e521c8778a2aed5510e9a6a992f639221b63fe04465ea723e7df	6213
358	95782916	FS_ElementTypeAndUI_Provider v1.1	exported_scripts/358__id95782916__FS_ElementTypeAndUI_Provider_v1.1.rb	ad9ae9567e277c52a17fee2571903532585c88407d72e4b9a97d8d7be82e3c30	10976
359	2440902	State Viewer	exported_scripts/359__id2440902__State_Viewer.rb	cc8ad765f27721bdd5b1060c1cba340309f9ecb09723840da1c96c3d230cc18e	17280
360	25849122	閃光效果	exported_scripts/360__id25849122__閃光效果.rb	7db4b237350f88b17f360d273f50b38e1990662cf835bf0ebaf66d32f37e9d18	4772
361	52282739	Integer Damage Fix	exported_scripts/361__id52282739__Integer_Damage_Fix.rb	2c72534d8a856bf7540dba72cf1022a4ff6308ab1a1065478f336cee6b250ed1	6101
362	21892116	解決 KGC 與 DPS 統計的順序衝突	exported_scripts/362__id21892116__解決_KGC_與_DPS_統計的順序衝突.rb	10b3ced3add47409749348027600f55a3a1898b1b12efa84e4c7184ba66da02b	2413
363	5241997	FS_EquipmentSkill_Authority v2.2	exported_scripts/363__id5241997__FS_EquipmentSkill_Authority_v2.2.rb	9a265e625c291e3a12b44cfcd7ad0302b10eb166a1baf1a5719e4f47e9dd4fab	14066
364	36865604	F12修正	exported_scripts/364__id36865604__F12修正.rb	2d58d1236e39e806a193bede5848a7eee3d9b3b22bbab7ecda2ab4a101d7c91d	2431
365	47566918	Map / Menu Safe Patch	exported_scripts/365__id47566918__Map___Menu_Safe_Patch.rb	d1ef0cd44ec42426696eb601937c8489d909c53314efc7f9db434712f7aedd09	7043
366	84405604	FS_BattleFormula_Authority v1.3	exported_scripts/366__id84405604__FS_BattleFormula_Authority_v1.3.rb	5de73643f7f35db15a846e04f1880684513defd82983bf535ce73884c3e39c9c	28372
367	88691505	FS_ActorEnemyGrowth_Authority v2.1	exported_scripts/367__id88691505__FS_ActorEnemyGrowth_Authority_v2.1.rb	0c179be052e48c58a09d0c2015d1647e7942d2751874d8e9561b10c748232561	22205
368	4743293	SBS_PerfectReflectCost_Fix	exported_scripts/368__id4743293__SBS_PerfectReflectCost_Fix.rb	4ae34bb546fd7d53e96895ba47cb7a5f1b1ef65fbd7a85f8af9eef8d30dba12a	9553
369	14161778	FS_BattleUtility_RuntimeBridge v2.1｜LifeLink / Cooldown	exported_scripts/369__id14161778__FS_BattleUtility_RuntimeBridge_v2.1｜LifeLink___Cooldown.rb	bea10d2a052274a65b11b965b1076647c4e27ae6f9ec514cb48831995a94c56b	20256
370	64486303	FS_BattleBalanceCore v1.4	exported_scripts/370__id64486303__FS_BattleBalanceCore_v1.4.rb	bc9d7bb1c7ced52235d2a986b9084f4b3c2daa83dd1bb026237e99c4a8444f11	12810
371	49884443	FS_EquipmentCombat_SummonSkillModifier v1.1	exported_scripts/371__id49884443__FS_EquipmentCombat_SummonSkillModifier_v1.1.rb	026af18d95a4f08c12a4aba23a3b89de465dae7b84267f31bb7f23d953715b0f	8412
372	96885223	FS_RandomTarget_Authority v1.2｜TargetPriority / Provoke	exported_scripts/372__id96885223__FS_RandomTarget_Authority_v1.2｜TargetPriority___Provoke.rb	8c0f019f67891723eacacbae45ef899826231d719c158c0583cc56d431b97bfd	25309
373	90500001	▼ 51 FS BATTLE｜Core Mechanics / Summon / Integrity	exported_scripts/373__id90500001__▼_51_FS_BATTLE｜Core_Mechanics___Summon___Integrity.rb	e3b0c44298fc1c149afbf4c8996fb92427ae41e4649b934ca495991b7852b855	0
374	21601036	FS_ComboCore v1.1.1 OD	exported_scripts/374__id21601036__FS_ComboCore_v1.1.1_OD.rb	35ce81110c8dcb8055ea43bd15bd648fec3e07c7de413c1e1bf453253b97002b	57495
375	80625997	FS_CharacterMechanicCore v1.3 OD Economy	exported_scripts/375__id80625997__FS_CharacterMechanicCore_v1.3_OD_Economy.rb	70a4f963aa44cd01e1f26e28fec83b6931146ab2b14b06f561183f2305588c86	70172
376	81252247	BattlePopText_Note	exported_scripts/376__id81252247__BattlePopText_Note.rb	0ece7d02cb75088bae3831e9fe7403e5b00e48234e2940f57169664c5a6097ab	19476
377	65670378	FS_ATB_DynamicResistance v1.0.0	exported_scripts/377__id65670378__FS_ATB_DynamicResistance_v1.0.0.rb	562e3aa96b8c6791ebabd3ea8851bd3bdbb54d659071e4033f18afe1be8da520	26137
378	48686211	FS_SummonChain3 v1.0	exported_scripts/378__id48686211__FS_SummonChain3_v1.0.rb	5e34030d0a3d2d805ad53f5425fc5a97a401bb11c96ecb8543017df3065ed9e8	26151
379	57487023	FS_MechanicExpansion v1.2 OD Economy｜AI Hook Provider	exported_scripts/379__id57487023__FS_MechanicExpansion_v1.2_OD_Economy｜AI_Hook_Provider.rb	dbbd55759ad39d85a2adee504b716c1ebf09d01f707532476c4a7ba35440a9c0	81974
380	17645407	FS_BattleStateHUD_Authority v2.6.0 TC	exported_scripts/380__id17645407__FS_BattleStateHUD_Authority_v2.6.0_TC.rb	32b68ff7660624f65ced17b850ebd37ce01170f374618302097e807129b165e3	79823
381	11736352	FS_TargetGroupExact_Authority v2.1	exported_scripts/381__id11736352__FS_TargetGroupExact_Authority_v2.1.rb	b90565b4ac881b5bf9eb457abe8eb38b6d9cb9303a42b101ab6654b1ec7286e6	44659
382	79444909	FS_AntagonistMechanicCore v1.0.1	exported_scripts/382__id79444909__FS_AntagonistMechanicCore_v1.0.1.rb	b878caa17b6625a9e3cd5e1ca90c8096b501f4720b6a9b277d390e0d9eb65ca3	40197
383	11551972	FS_EquipmentCombo_Base v1.2	exported_scripts/383__id11551972__FS_EquipmentCombo_Base_v1.2.rb	abb704476ccc955924c3ef6e30667a02e5bed8ab93d74ec88b8d5ab6c1cfcc6f	20643
384	38495245	FS_DynamicCaptureRate v1.4	exported_scripts/384__id38495245__FS_DynamicCaptureRate_v1.4.rb	1a7de309bd0074d73b1006b8d33fff504c842975b2401c76253a0f4231cb3c1d	25929
385	4292615	FS_SoulRepeatRecipe v1.1.2	exported_scripts/385__id4292615__FS_SoulRepeatRecipe_v1.1.2.rb	8aeab142fafdcae1812c5d522ef58d92025e5d7d38a59fc5a850e1ca8140413a	18633
386	61213549	FS_YEM_EquipmentUI_SafetyPatch v1.1	exported_scripts/386__id61213549__FS_YEM_EquipmentUI_SafetyPatch_v1.1.rb	d9dbffa8ee1c3ec33abe5941ee273e47be6386f721a4e4dfed421ef8fb46c17b	20749
387	71001241	FS_SummonRuntime_Authority v2.0.1	exported_scripts/387__id71001241__FS_SummonRuntime_Authority_v2.0.1.rb	e4df28059c4c78e41545b39cf34a3b31acefcdac7f4d379b1069a987e587a8b2	29781
388	88525081	FS_EquipSummonPage_Authority v1.0	exported_scripts/388__id88525081__FS_EquipSummonPage_Authority_v1.0.rb	a68cb0943e103599c7666efca9d7f2b272486a0b1dedf9addf46f1c023a3648a	26105
389	72617803	FS_BattleIntegrity_MultiFix_Authority v1.1	exported_scripts/389__id72617803__FS_BattleIntegrity_MultiFix_Authority_v1.1.rb	5130ab01d0f6b149d81ebddf7f050bea2a32783a4afb0cb86d813652e009af44	14082
390	90500002	▼ 52 FS UI / DATABASE｜Actor / Summon / State / Book	exported_scripts/390__id90500002__▼_52_FS_UI___DATABASE｜Actor___Summon___State___Book.rb	e3b0c44298fc1c149afbf4c8996fb92427ae41e4649b934ca495991b7852b855	0
391	56809790	FS_ActorProfile v2.1.1 HUD	exported_scripts/391__id56809790__FS_ActorProfile_v2.1.1_HUD.rb	c3fa8391dcb6ed63a6566124ef02f0c51600b6efbaae07bcd883fa014dabbcac	77750
392	28920426	FS_SummonSkillLevel_UI v1.2	exported_scripts/392__id28920426__FS_SummonSkillLevel_UI_v1.2.rb	a96a433e6feb2949b956d04a8c9214e605d928a25cbe9bc760446c46574523ab	38975
393	90876613	FS_StateEffects_Integration v3.3｜Residual Authority	exported_scripts/393__id90876613__FS_StateEffects_Integration_v3.3｜Residual_Authority.rb	200cdc7d06cc8856bb391e02920f9fc8b03584c763af88ce664ea731dbf05495	54961
394	80318702	FS_IvyCloneMechanic v1.6.2	exported_scripts/394__id80318702__FS_IvyCloneMechanic_v1.6.2.rb	d226c8612eb303ea9fd4178d2b690b7861aaa23bdcdc5d38d75ecbdce5404f7f	167710
395	52922097	魂刻進化線／146 形態大量設定 v3.1	exported_scripts/395__id52922097__魂刻進化線／146_形態大量設定_v3.1.rb	916c2a5634aaffb548f405af7c45967b2844a9ff955755efd1d5aa1eab97987f	74146
396	89153505	FS_DatabaseSupport_Authority v2.4｜Profile / Mapping	exported_scripts/396__id89153505__FS_DatabaseSupport_Authority_v2.4｜Profile___Mapping.rb	39108d8240a80853644a5713d1dbcc3b6605c14531c79ce2a630a6bc63c21023	11034
397	16900062	FS_BattleMechanic_AuditFix v2.5	exported_scripts/397__id16900062__FS_BattleMechanic_AuditFix_v2.5.rb	93929dd5a2641f03fbce2203f882825ad809d7e2e264e3769194e38dc5a13097	30938
398	33902012	FS_SummonUI_Authority v2.8	exported_scripts/398__id33902012__FS_SummonUI_Authority_v2.8.rb	7a1f9610a00ed73053056fe5c6f5c14dbb54290e3a3afeb21c8b99d3f31378f6	63018
399	22678681	Scene_CharacterBook_v2_1	exported_scripts/399__id22678681__Scene_CharacterBook_v2_1.rb	e899261cf518cba98824f83d8c9d1e5b12136dde68f79e3aa2844b880343f74d	39365
400	30087640	FS_Scene_EnemyBook v1.0	exported_scripts/400__id30087640__FS_Scene_EnemyBook_v1.0.rb	aa8044d24e87a3e4b92d817868fe4db0bbecbb4925ad3af22b9c69a6d25f506d	20273
401	72365482	SetupRuntime_09｜Boss Runtime / AI Provider v1.4.1	exported_scripts/401__id72365482__SetupRuntime_09｜Boss_Runtime___AI_Provider_v1.4.1.rb	84f737cbc1f318d487229eb80c92654c3cbe6bab535ebb78b013246cabb1d85e	22055
402	58482038	SetupRuntime_10｜Runtime Support Provider	exported_scripts/402__id58482038__SetupRuntime_10｜Runtime_Support_Provider.rb	de15e205eaf395000f7acc18236b5bef940f7a9ae1ff43e99993154a0e509960	8947
403	55452754	FS_MainActor_Level60Growth｜Runtime	exported_scripts/403__id55452754__FS_MainActor_Level60Growth｜Runtime.rb	7dcf72e65180a44cf8232b8c7a14c6b302a7d395ad84ab860b4361e22da26f8e	10298
404	60402587	SetupRuntime_11｜Field Weather Authority v1.3	exported_scripts/404__id60402587__SetupRuntime_11｜Field_Weather_Authority_v1.3.rb	b4805e64a94b9c1f2dc546a22751a222e83305162a5853a6fa3a516359c2d208	16320
405	44947220	SetupRuntime_12｜EnemySummon Guard Final v1.3.6	exported_scripts/405__id44947220__SetupRuntime_12｜EnemySummon_Guard_Final_v1.3.6.rb	10cbc1074a029a8fc46c8c0963713f3e18fbd3478f8c186809139e7142b8d3ac	7009
406	23791037	FS_EnemyActionDistribution_FinalAuthority v1.1	exported_scripts/406__id23791037__FS_EnemyActionDistribution_FinalAuthority_v1.1.rb	df83faf8c63d1beecd8009029571c0d7ab8e526a89c5ac11198e312f6dd7b570	9836
407	92330331	FC_PerActor_EXP_Fix_v2_0	exported_scripts/407__id92330331__FC_PerActor_EXP_Fix_v2_0.rb	255bdd556d82f20f64568bfae29966bf6cbaf260bbbf14d54ce71c55f445d7bf	21081
408	32424554	SetupBridge｜ItemClass / NewIndicator / PlayerText	exported_scripts/408__id32424554__SetupBridge｜ItemClass___NewIndicator___PlayerText.rb	590008be8e14f3181e1a3acd4b5181777dc89f0c30fc3477bda8105087734be4	80791
409	77320136	魔劍工舖 - 合成系統 1.08-FS	exported_scripts/409__id77320136__魔劍工舖_-_合成系統_1.08-FS.rb	77b7f2870fd50a15b723e766992544a77756cd7e3a5593d8e615fae5f941cab6	38788
410	111105	FS_SoulMark_Resonance_Expansion v2.1.2	exported_scripts/410__id111105__FS_SoulMark_Resonance_Expansion_v2.1.2.rb	efc0991c089ece4994501a82847bf81db9097c48d00fe72752d60b99ff0c2db0	101534
411	61621387	FS_SkillCost_Authority v2.0.0	exported_scripts/411__id61621387__FS_SkillCost_Authority_v2.0.0.rb	0576bcc22565787b9a624197012829003ce6fa965dd8c064a96b494e25222d03	31169
412	17537463	FS_StealResult_Authority v1.0	exported_scripts/412__id17537463__FS_StealResult_Authority_v1.0.rb	32a510a97c991e77bce3277fee884b4a903c2f10dab544dfcea049b2e1228fc2	14196
413	92976312	FS_MonsterCollapse_Tankentai34d_Compat v2.1	exported_scripts/413__id92976312__FS_MonsterCollapse_Tankentai34d_Compat_v2.1.rb	348491863b01d10db3621c1b8345fc37cb89e27cf545252b48bedb59c6339dc7	20706
414	59859385	FS_ElementRate_FinalAuthority v2.0	exported_scripts/414__id59859385__FS_ElementRate_FinalAuthority_v2.0.rb	71b08117057fa80fb4044392cdcaf6bad7bf41ca8cf6b32b6fe5e4445ac21485	11758
415	15429394	FS_SupportStateSkillRules v1.1	exported_scripts/415__id15429394__FS_SupportStateSkillRules_v1.1.rb	a6908d85112ad6add1244069c272711f1c51abd550317392239a2fe1689f7232	15797
416	90500003	▼ 53 FS SBS｜Hero Action Sequences	exported_scripts/416__id90500003__▼_53_FS_SBS｜Hero_Action_Sequences.rb	e3b0c44298fc1c149afbf4c8996fb92427ae41e4649b934ca495991b7852b855	0
417	85044090	FS_Joey_SBS_Action_Addon v1.1 繁體中文版	exported_scripts/417__id85044090__FS_Joey_SBS_Action_Addon_v1.1_繁體中文版.rb	b660508e9d425e92a0c1ec9681ac83571784553ece9adcf26db3946d37f8920f	19424
418	72588071	FS_Aizhuo_SBS_ActionSequence_Addon v1.3	exported_scripts/418__id72588071__FS_Aizhuo_SBS_ActionSequence_Addon_v1.3.rb	4a9490c8aaca0ad4e66f85e4e960fb76f8eeaefd9407a4a843b5def1e6e746ee	18310
419	59459343	FS_Ivy_SBS_ActionSequence_Addon v1.3	exported_scripts/419__id59459343__FS_Ivy_SBS_ActionSequence_Addon_v1.3.rb	83024adb3f3b5d4a6d2d9e36f6d325c9c82ac818db0e41d841d9f17f67c9ce42	20528
420	72398512	FS_Taylor_SBS_ActionSequence_Addon v1.3	exported_scripts/420__id72398512__FS_Taylor_SBS_ActionSequence_Addon_v1.3.rb	3de459c55bbe244827f07e1d05e0f713e7604b5ee0a988cc6ebf81cb7baab9b7	25858
421	43251533	FS_Mia_SBS_ActionSequence_Addon v1.0 繁體中	exported_scripts/421__id43251533__FS_Mia_SBS_ActionSequence_Addon_v1.0_繁體中.rb	dea42ac499db70eaedf1d4c004874efe82337f542fc50f83ca7eea9caf4116d0	20104
422	19209218	FS_Verna_SBS_ActionSequence_Addon v1.0	exported_scripts/422__id19209218__FS_Verna_SBS_ActionSequence_Addon_v1.0.rb	d49d423c106927de5af68d3c939ccaaa59050a01a9b5c14d52a25c336fb1c5ed	22246
423	90500004	▼ 60 FS DATA AUTHORITY｜MasterSetup 00–20	exported_scripts/423__id90500004__▼_60_FS_DATA_AUTHORITY｜MasterSetup_00–20.rb	e3b0c44298fc1c149afbf4c8996fb92427ae41e4649b934ca495991b7852b855	0
424	37616322	FS_MasterSetup 00｜Authority Root	exported_scripts/424__id37616322__FS_MasterSetup_00｜Authority_Root.rb	ed77f77e79d28871b3f31bbbe8458ac52af2e503dccd6a3b62a582a813b4223c	2865
425	43218878	FS_MasterSetup 01｜Skills Heroes	exported_scripts/425__id43218878__FS_MasterSetup_01｜Skills_Heroes.rb	24a4a67e533334d66a3ac5970d1de95914cef94f6c0cc9aaf7d75c57adc54045	64911
426	12570975	FS_MasterSetup 02｜Skills Clones / Robots	exported_scripts/426__id12570975__FS_MasterSetup_02｜Skills_Clones___Robots.rb	96878c4df0e5cf16e00a975bfeb4409444b4d042572ef144681fd0a76b9e3131	26951
427	99895836	FS_MasterSetup 03｜Skills Antagonists	exported_scripts/427__id99895836__FS_MasterSetup_03｜Skills_Antagonists.rb	863b01209cd0ebf4320a145de0cfa7b0b2bd1d6e57fadc391d57271600480f33	36129
428	45631571	FS_MasterSetup 04｜Skills Bosses	exported_scripts/428__id45631571__FS_MasterSetup_04｜Skills_Bosses.rb	00b08b506b305dc323fed421d8e0ae37e45df4d14a034af5376068c5e73fd1d5	20002
429	50607224	FS_MasterSetup 05｜Skills Pokemon A	exported_scripts/429__id50607224__FS_MasterSetup_05｜Skills_Pokemon_A.rb	e2d27dc50d5987ef7f66c3903feb99fcb4bd29591dc6a054418018e5217b787c	50153
430	94270583	FS_MasterSetup 06｜Skills Pokemon B	exported_scripts/430__id94270583__FS_MasterSetup_06｜Skills_Pokemon_B.rb	cdb42112393b9626fa03e31a871c974b47484803e89afa191336cb2f468a2be6	48815
431	6914565	FS_MasterSetup 06.5｜Pokemon Skill Visuals	exported_scripts/431__id6914565__FS_MasterSetup_06.5｜Pokemon_Skill_Visuals.rb	e0ef0ba43ea44b5b8fea7be2e7f327edf6bfa2a2792a4ce882dcb8a34acb0869	8294
432	22354455	FS_MasterSetup 07｜States	exported_scripts/432__id22354455__FS_MasterSetup_07｜States.rb	685a145b5d6d1ecc1a40e2b13900bd92b686281660f960b33237b5b6e05f26ef	71361
433	25849148	FS_MasterSetup 08｜Items	exported_scripts/433__id25849148__FS_MasterSetup_08｜Items.rb	821be0b824bc38ea767e08ee096a350adda66788554fe43df2e268aab0cb4126	88993
434	89801935	FS_MasterSetup 09｜Equipment / 鳴刻冠	exported_scripts/434__id89801935__FS_MasterSetup_09｜Equipment___鳴刻冠.rb	d80da33c01265f494891daafda56856a36939c65a9e3cca7aaf720aef2f7124c	66439
435	67375853	FS_MasterSetup 10｜Classes	exported_scripts/435__id67375853__FS_MasterSetup_10｜Classes.rb	171277bbd32795584b9dd8fbd967ff62c5c383082ac2207843733f21e3f1070f	9774
436	12140832	FS_MasterSetup 11｜Enemies Antagonists / Bosses	exported_scripts/436__id12140832__FS_MasterSetup_11｜Enemies_Antagonists___Bosses.rb	a8f0d387f8bf750ae0c5f83cac1993c79312ea27ddb1e86dc18ca8838c50b0dd	58160
437	87312443	FS_MasterSetup 12｜Enemies Clones / Robots	exported_scripts/437__id87312443__FS_MasterSetup_12｜Enemies_Clones___Robots.rb	0c51981dafbfa21e87533e4a122245190217dbf78c2afc5c4aef6d7a0b2fb944	9478
438	23054358	FS_MasterSetup 13｜Enemies Pokemon A	exported_scripts/438__id23054358__FS_MasterSetup_13｜Enemies_Pokemon_A.rb	f96e4bd7da2223698361e6ec853a1b441bfe7598f742e2dae03a3b681effea09	86119
439	56075152	FS_MasterSetup 14｜Enemies Pokemon B	exported_scripts/439__id56075152__FS_MasterSetup_14｜Enemies_Pokemon_B.rb	a4c10a7c0149ecd2c0d96d51889937bc712a5efa4bafe43e32aaa6e3f7b0a59c	89414
440	28368523	FS_MasterSetup 15｜Runtime Boss / Weather	exported_scripts/440__id28368523__FS_MasterSetup_15｜Runtime_Boss___Weather.rb	3334c37a4a5ff89a00d88597c3e4cf3a5a801fe36dcb92fc1eb8d5046645ceb1	6032
441	41258574	FS_MasterSetup 16｜Player Text	exported_scripts/441__id41258574__FS_MasterSetup_16｜Player_Text.rb	17d7602c25d06fd2930d29f537be0834aa594a1be842fd09dcb7f3b132c91dbf	60763
442	9496279	FS_MasterSetup 17｜Soulmark	exported_scripts/442__id9496279__FS_MasterSetup_17｜Soulmark.rb	e7feb7b9d1ea27bf9dbeeb152fb0322ea7bce5a98a3eb52e8ea0d4af191ca0eb	34475
443	52117621	FS_MasterSetup 18｜Apply Bridge / Authority Handshake	exported_scripts/443__id52117621__FS_MasterSetup_18｜Apply_Bridge___Authority_Handshake.rb	43396ef89e4cf20d28db70542d9066d69fb65ffde21b4b759da743add4d5fa5d	8729
444	72290409	FS_MasterSetup 19｜Post-Apply Support Guard	exported_scripts/444__id72290409__FS_MasterSetup_19｜Post-Apply_Support_Guard.rb	8e1f87a2c966937d44f869838e7486444ad17344e10293e30d8cef880da98f5f	15306
445	56459917	FS_MasterSetup 20｜Post-Apply SoulArt Guard	exported_scripts/445__id56459917__FS_MasterSetup_20｜Post-Apply_SoulArt_Guard.rb	c41b90df1502e0413bbea4ed400ee1ee852cbffba0460c7b0603c065a7d9ecf2	30903
446	90500005	▼ 61 FS GAMEPLAY｜Economy / Shop / Quest / Placement	exported_scripts/446__id90500005__▼_61_FS_GAMEPLAY｜Economy___Shop___Quest___Placement.rb	e3b0c44298fc1c149afbf4c8996fb92427ae41e4649b934ca495991b7852b855	0
447	36256595	FS_EconomyCore v1.1	exported_scripts/447__id36256595__FS_EconomyCore_v1.1.rb	d7ff71db9cc4d28eb5df4a1d0f99da23833d58e995f2ce1fee38aaca28c1d5be	25427
448	52287143	FS_EconomyDropSystem v1.1	exported_scripts/448__id52287143__FS_EconomyDropSystem_v1.1.rb	e50677d923ecebf4b711902733efe96c7cebbcb7fa918c08e24ec980a9ce615a	9212
449	20427727	Window_ShopBuy FS v1.2	exported_scripts/449__id20427727__Window_ShopBuy_FS_v1.2.rb	da03191b35c8bc131aa0cbcc0c628590955e14bf097f847c1649b1111ebed65b	7344
450	54817557	FS_ShopAllPartyDisplay v1.7	exported_scripts/450__id54817557__FS_ShopAllPartyDisplay_v1.7.rb	95a29ee718d943b040a250de0c940fc794dbbce970ae4cbc72059a88549e551b	22468
451	55537773	FS_ShopStatusDetail v1.0	exported_scripts/451__id55537773__FS_ShopStatusDetail_v1.0.rb	e8e4108b73106d3707030d4bf47af26eb681c9ce213b080cc30b39a4df70dc22	10610
452	94999640	Scene_Shop FS v1.2	exported_scripts/452__id94999640__Scene_Shop_FS_v1.2.rb	74739f76310792d84f1f5f1e5114924935b8310c6663df64a3d2624b6f119f69	12980
453	61216747	FS_RegionShops_BlackMarket v1.1	exported_scripts/453__id61216747__FS_RegionShops_BlackMarket_v1.1.rb	305d2811e8dfedf163c873c2aef5be307549294dc3870b5139eb7521998fbb52	11792
454	45319400	FS_QuestEconomyBridge v1.3	exported_scripts/454__id45319400__FS_QuestEconomyBridge_v1.3.rb	6199ff5c35b6fac5c456eec8688c241102bddbc93a79f54455e519c9e8f4d048	25097
455	74890658	FS_ObjectPlacement v1.0.0	exported_scripts/455__id74890658__FS_ObjectPlacement_v1.0.0.rb	d6d9b4e95dd8b803fb1ba25b7d14cf042adaf24ba5fe18e6157969c529f0dfef	43972
456	91599831	FS_EconomyAudit v1.0	exported_scripts/456__id91599831__FS_EconomyAudit_v1.0.rb	3941663412810291210050b23765f9628630c911725938832f4d21577f5c4587	7444
457	90500006	▼ 62 FS INTEGRATION｜UI / Battle / Map / Save	exported_scripts/457__id90500006__▼_62_FS_INTEGRATION｜UI___Battle___Map___Save.rb	e3b0c44298fc1c149afbf4c8996fb92427ae41e4649b934ca495991b7852b855	0
458	86858470	FS_MarkedCommand_ConditionTransparency v1.6	exported_scripts/458__id86858470__FS_MarkedCommand_ConditionTransparency_v1.6.rb	9388e218da939e9883a064501c91f7b2fd00b5de1b672d114ddc15356ba71629	80674
459	76599562	FS_PokemonFollowupIdentity v1.0	exported_scripts/459__id76599562__FS_PokemonFollowupIdentity_v1.0.rb	27c07e5811d621e0450ff872103899f168fc778dcd176ad18532aad5ba0b5738	13845
460	24449211	FS_WindowLevelData_UpgradeDetailPatch	exported_scripts/460__id24449211__FS_WindowLevelData_UpgradeDetailPatch.rb	a7954aee5d69ab322dd01659fefa9830daaf31e51a1722bc9c4c268b019d094a	18118
461	92627638	FS_BattleTargetUI_Authority v1.4.1	exported_scripts/461__id92627638__FS_BattleTargetUI_Authority_v1.4.1.rb	2fe602fc7d6eb3b466fef7bc8e52af6ceb71b049ae5a3f21d30887b73ac20ef1	64636
462	68170006	FS_ForceAction_Bridge	exported_scripts/462__id68170006__FS_ForceAction_Bridge.rb	07600748f6dca6775c5c50fccefeb7c1dfa16accc98b98f42a25bbc668e56922	8343
463	46759789	FS_SBS_PresentationBridge_Authority v1.0.1	exported_scripts/463__id46759789__FS_SBS_PresentationBridge_Authority_v1.0.1.rb	7959c6ef1abf2ddb8e65c39cb38d17b61ea8e73b122e5779d09d30511028a13d	36069
464	23652619	FS_EquipmentCombo_OpeningSkill_FinalAuthority v2.0	exported_scripts/464__id23652619__FS_EquipmentCombo_OpeningSkill_FinalAuthority_v2.0.rb	1c429a4415244022f82937a2c381644dfb190a268e72768830262d52b373b519	19727
465	63214984	FS_SoulTerminologyNormalization v1.0	exported_scripts/465__id63214984__FS_SoulTerminologyNormalization_v1.0.rb	4478b2798e90f425df5ab37d463bacd6c7fcb0a51fdba6578b0562e599cb0b0e	8444
466	77886115	FS_EquipHelpScroll v1.3	exported_scripts/466__id77886115__FS_EquipHelpScroll_v1.3.rb	16e0e448cd8c7f094262289fabba8d272684633092ec3686d846e4c8bdfa7582	15542
467	46218630	FS_RandomDungeon_v0_9_8_FS	exported_scripts/467__id46218630__FS_RandomDungeon_v0_9_8_FS.rb	943c2f40365249af8e78734b386387aae663200ea3e966a57b801a73aa1f6293	194113
468	50773287	FS_NormalMap_Minimap v1.0.4	exported_scripts/468__id50773287__FS_NormalMap_Minimap_v1.0.4.rb	c2c1a67dcb9b9fa4206cddb6bcd374f678418a1e8f3908837e2304e3e24d555c	47595
469	20185494	Forest Symphony｜Legacy Safety Patch＋ATS 使用說明	exported_scripts/469__id20185494__Forest_Symphony｜Legacy_Safety_Patch＋ATS_使用說明.rb	9a5ced3021e5aec94f57f75737b30f4dc4b06c29ec3f4ffe75f56d9d37b03e29	17024
470	51951456	FS_LegacyScripts_SafetyPatch v1.0.14	exported_scripts/470__id51951456__FS_LegacyScripts_SafetyPatch_v1.0.14.rb	7ea2d4d7460d7efce579b950b817704834857f427f558c112b17cf5c0de73cc3	114337
471	14130985	FS_ATS_DialogueExtension v1.7	exported_scripts/471__id14130985__FS_ATS_DialogueExtension_v1.7.rb	dcb7d1406a5e1bc75e2004b4d1eea39d3aa4e24235e065752530d71e9a8c0bd9	55616
472	15271744	FS_RingMenuActions v1.3	exported_scripts/472__id15271744__FS_RingMenuActions_v1.3.rb	2aec1d3cc7cb135592d545d2583500b3c5d02734058d9d71ea0c2a82057e51b2	30874
473	21511086	FS_SaveCompatibilityCore v1.1a	exported_scripts/473__id21511086__FS_SaveCompatibilityCore_v1.1a.rb	87d4f95e28753710a25df55c772e3fd5500dee394c8687e5a0ab086808ed80e0	16784
474	90500007	▼ 90 VALIDATION｜Save / Non-Battle	exported_scripts/474__id90500007__▼_90_VALIDATION｜Save___Non-Battle.rb	e3b0c44298fc1c149afbf4c8996fb92427ae41e4649b934ca495991b7852b855	0
475	81000635	FS_SaveCompatibilityTest v1.0	exported_scripts/475__id81000635__FS_SaveCompatibilityTest_v1.0.rb	3e45be43af3b4ad80050cb8dc59c87c2f6b4ab9e24a3c7ff360919897b25b8aa	8727
476	13736160	FS_NonBattleValidation v2.6	exported_scripts/476__id13736160__FS_NonBattleValidation_v2.6.rb	b8211c4c642fcb1f0bde1471bf73322dfb39232a5c8e9f678d4329dfde409aeb	38028
477	99918661	FS_Combat_DeterministicRandom v1.0｜TEST-only	exported_scripts/477__id99918661__FS_Combat_DeterministicRandom_v1.0｜TEST-only.rb	a4ca21c93c8c4a1da675d00acfefa7dc4c350703dea66386361d55feb9bb8c84	6576
478	99918660	FS_AutoRegression_Harness v0.4j	exported_scripts/478__id99918660__FS_AutoRegression_Harness_v0.4j.rb	f391d7144ba76a0924eff7e6160ce81b6a32dc795c64d39d5b08d6d88bc8b841	237112
479	99918662	FS_BattleRegression_CoreFixtures v0.1a	exported_scripts/479__id99918662__FS_BattleRegression_CoreFixtures_v0.1a.rb	e097ea8dfa3fc579212d6260d69bf23e21b84884e4a998a9f299257ac976cbac	21082
480	99918663	FS_BattleRegression_AIEdgeI v1.0	exported_scripts/480__id99918663__FS_BattleRegression_AIEdgeI_v1.0.rb	8671b0ff9cdda9b0737e6be6704b44a5bf99f08ac93681a4f934ad3737e45be8	992365
481	14385854	▼ 99 BOOT｜Main / Export / Title	exported_scripts/481__id14385854__▼_99_BOOT｜Main___Export___Title.rb	e3b0c44298fc1c149afbf4c8996fb92427ae41e4649b934ca495991b7852b855	0
482	32270711	Main	exported_scripts/482__id32270711__Main.rb	15ad656d6e155c5ea33e54377ad04a2146f25dfd48ccc02688a79df0aa499b0f	3110
483	50461227	全腳本導出工具	exported_scripts/483__id50461227__全腳本導出工具.rb	1f59c96c7d900b653682d10073126a880566fd4dd73ffc382a65dffd5b4f19cb	3139
484	29298086	標題Final-0714	exported_scripts/484__id29298086__標題Final-0714.rb	1342dd1b76dbd77ade55d81890eb87900d4f92caef99da9375c4082d404eeac4	28008
485	36220597	▼ 100 DOCUMENTATION｜Guides / Design / Reference	exported_scripts/485__id36220597__▼_100_DOCUMENTATION｜Guides___Design___Reference.rb	e3b0c44298fc1c149afbf4c8996fb92427ae41e4649b934ca495991b7852b855	0
486	53431630	Forest Symphony｜經濟／合成／商店／黑市／支線任務完整製作手冊 v1.0	exported_scripts/486__id53431630__Forest_Symphony｜經濟／合成／商店／黑市／支線任務完整製作手冊_v1.0.rb	e3f16d68641d72f9933962e43251b1cd5cfd477ef6af08488be796e5c5c362f5	62007
487	51885149	FS_ATS_QuestJournal_CompleteGuide v1.0	exported_scripts/487__id51885149__FS_ATS_QuestJournal_CompleteGuide_v1.0.rb	13df0e715493c4978f4ce98328e3d71266b9bb60adaa1bd324a49d41110556c3	61664
488	98282425	FS_EquipHelpScroll v1.2｜REFERENCE	exported_scripts/488__id98282425__FS_EquipHelpScroll_v1.2｜REFERENCE.rb	821fa053111c66749fc348c0c0aa32ca2f28cea19b4c6edab850bee026d3e654	13674
489	81206336	資料庫 Note / Notetag	exported_scripts/489__id81206336__資料庫_Note___Notetag.rb	07044ed61574ff26b20f23d0388c7313d87307cf8e3debc485266f39e230e05a	66301
490	21590323	反派機制	exported_scripts/490__id21590323__反派機制.rb	b9bac4ef1953c3ffc30a099148a377ab3f698d099b086aba7f38fd22d16f49ff	12433
491	84114602	Build / Combo 長篇設計索引	exported_scripts/491__id84114602__Build___Combo_長篇設計索引.rb	a6db412b23402adccc1e5df938233e9fb56cba41a0674c2e7481a8a41b54a1d0	34091
492	6375514	Enemy_AI_Design	exported_scripts/492__id6375514__Enemy_AI_Design.rb	48c3cf3821dc37449e77aef2f0aad68b3076d1468419f8d28cd057d195fc8ad7	49321
493	62968432	超模但極難取得的稀有召喚物	exported_scripts/493__id62968432__超模但極難取得的稀有召喚物.rb	d168218fdd9132223af6c3d057d61458559d0600d41d09edeb2d1f0b793b914d	36125
494	82653486	已使用／保留 ID	exported_scripts/494__id82653486__已使用／保留_ID.rb	6a57f9650470af449011b9a83fe03955685afa162961c05a276b1c47e93b3052	18805
495	83043654	全 State 設計	exported_scripts/495__id83043654__全_State_設計.rb	782b7680691f846c56e6b7f1f15bbbb4e76685aa07125e6957a957d6a7638678	51954
496	9811079	變數 / 開關」完整整理	exported_scripts/496__id9811079__變數___開關」完整整理.rb	7bb2a36fac7f7a3ab81de27fa2cc91d52c32cf5a55bda23bef465ecee3b574f7	21382
497	9577231	武器／防具／飾品／刻印／消耗品	exported_scripts/497__id9577231__武器／防具／飾品／刻印／消耗品.rb	e85bd189760afd688ac7e8a0faf8ab6df13b6a16175f4cface6fedea93bd3021	24888
498	25182277	共用技能庫	exported_scripts/498__id25182277__共用技能庫.rb	712b70bd9b50e7ef503f21398420f57d677f6345fdca74cdf71564d74bb50d05	64876
499	6607287	我方 / 召喚物 / 敵方數值區間	exported_scripts/499__id6607287__我方___召喚物___敵方數值區間.rb	ba5701a286e782c1428d7981bf0c1389fc7a4f3a1a5fe7d8599df56f47d3a647	40091
500	92227688	▼ 101 PROJECT HISTORY｜Legacy / Retired	exported_scripts/500__id92227688__▼_101_PROJECT_HISTORY｜Legacy___Retired.rb	e3b0c44298fc1c149afbf4c8996fb92427ae41e4649b934ca495991b7852b855	0
501	81426140	FS_Legacy_Page_Index v1.0	exported_scripts/501__id81426140__FS_Legacy_Page_Index_v1.0.rb	8c0354b27a679b89303423431d4a690df7dbec0f5ea6d91665724b764f2c0e1f	4535
502	81426300	FS_LegacyCode_Archive_Index v1.6	exported_scripts/502__id81426300__FS_LegacyCode_Archive_Index_v1.6.rb	2a9d013e984cdabdba5cdd4d9b88293caca4b5ad04f8ca4781d37913a2984ead	40302
503	81426400	FS_RetiredSubsystem_Archive_Phase4	exported_scripts/503__id81426400__FS_RetiredSubsystem_Archive_Phase4.rb	c28795d5b3227b68c65733355b17c41c42a57e64e58dc9fc6078b1eeafd1ff5a	1279
504	90500999	▼ 109 END｜Documentation / Project History	exported_scripts/504__id90500999__▼_109_END｜Documentation___Project_History.rb	e3b0c44298fc1c149afbf4c8996fb92427ae41e4649b934ca495991b7852b855	0
